,0
"('051718', 404.0, '2021-03-10')",0
"('051718', 404.0, '2021-04-10')",0
"('051718', 404.0, '2021-05-24')",0
"('051718', 404.0, '2021-05-31')",0
"('051718', 404.0, '2021-02-10')",0
"('051718', 404.0, '2021-02-18')",0
"('051718', 404.0, '2021-05-30')",0
"('051718', 404.0, '2021-05-13')",0
"('051718', 404.0, '2021-05-10')",0
"('051718', 405.0, '2021-03-10')",0
"('051718', 405.0, '2021-04-10')",0
"('051718', 405.0, '2021-05-24')",0
"('051718', 405.0, '2021-05-31')",0
"('051718', 405.0, '2021-02-10')",0
"('051718', 405.0, '2021-02-18')",0
"('051718', 405.0, '2021-05-30')",0
"('051718', 405.0, '2021-05-13')",0
"('051718', 405.0, '2021-05-10')",0
"('051718', 407.0, '2021-03-10')",0
"('051718', 407.0, '2021-04-10')",0
"('051718', 407.0, '2021-05-24')",0
"('051718', 407.0, '2021-05-31')",0
"('051718', 407.0, '2021-02-10')",0
"('051718', 407.0, '2021-02-18')",0
"('051718', 407.0, '2021-05-30')",0
"('051718', 407.0, '2021-05-13')",0
"('051718', 407.0, '2021-05-10')",0
"('051718', 408.0, '2021-03-10')",0
"('051718', 408.0, '2021-04-10')",0
"('051718', 408.0, '2021-05-24')",0
"('051718', 408.0, '2021-05-31')",0
"('051718', 408.0, '2021-02-10')",0
"('051718', 408.0, '2021-02-18')",0
"('051718', 408.0, '2021-05-30')",18
"('051718', 408.0, '2021-05-13')",0
"('051718', 408.0, '2021-05-10')",0
"('051718', 409.0, '2021-03-10')",0
"('051718', 409.0, '2021-04-10')",0
"('051718', 409.0, '2021-05-24')",0
"('051718', 409.0, '2021-05-31')",0
"('051718', 409.0, '2021-02-10')",0
"('051718', 409.0, '2021-02-18')",0
"('051718', 409.0, '2021-05-30')",14
"('051718', 409.0, '2021-05-13')",0
"('051718', 409.0, '2021-05-10')",0
"('051718', 410.0, '2021-03-10')",0
"('051718', 410.0, '2021-04-10')",0
"('051718', 410.0, '2021-05-24')",0
"('051718', 410.0, '2021-05-31')",0
"('051718', 410.0, '2021-02-10')",0
"('051718', 410.0, '2021-02-18')",0
"('051718', 410.0, '2021-05-30')",17
"('051718', 410.0, '2021-05-13')",0
"('051718', 410.0, '2021-05-10')",0
"('051718', 412.0, '2021-03-10')",0
"('051718', 412.0, '2021-04-10')",0
"('051718', 412.0, '2021-05-24')",0
"('051718', 412.0, '2021-05-31')",0
"('051718', 412.0, '2021-02-10')",0
"('051718', 412.0, '2021-02-18')",0
"('051718', 412.0, '2021-05-30')",16
"('051718', 412.0, '2021-05-13')",0
"('051718', 412.0, '2021-05-10')",0
"('051718', 416.0, '2021-03-10')",0
"('051718', 416.0, '2021-04-10')",0
"('051718', 416.0, '2021-05-24')",0
"('051718', 416.0, '2021-05-31')",0
"('051718', 416.0, '2021-02-10')",0
"('051718', 416.0, '2021-02-18')",0
"('051718', 416.0, '2021-05-30')",16
"('051718', 416.0, '2021-05-13')",0
"('051718', 416.0, '2021-05-10')",0
"('051718', 421.0, '2021-03-10')",0
"('051718', 421.0, '2021-04-10')",0
"('051718', 421.0, '2021-05-24')",0
"('051718', 421.0, '2021-05-31')",0
"('051718', 421.0, '2021-02-10')",0
"('051718', 421.0, '2021-02-18')",0
"('051718', 421.0, '2021-05-30')",0
"('051718', 421.0, '2021-05-13')",0
"('051718', 421.0, '2021-05-10')",0
"('051718', 422.0, '2021-03-10')",0
"('051718', 422.0, '2021-04-10')",0
"('051718', 422.0, '2021-05-24')",0
"('051718', 422.0, '2021-05-31')",0
"('051718', 422.0, '2021-02-10')",0
"('051718', 422.0, '2021-02-18')",0
"('051718', 422.0, '2021-05-30')",0
"('051718', 422.0, '2021-05-13')",0
"('051718', 422.0, '2021-05-10')",0
"('051718', 424.0, '2021-03-10')",0
"('051718', 424.0, '2021-04-10')",0
"('051718', 424.0, '2021-05-24')",0
"('051718', 424.0, '2021-05-31')",0
"('051718', 424.0, '2021-02-10')",0
"('051718', 424.0, '2021-02-18')",0
"('051718', 424.0, '2021-05-30')",18
"('051718', 424.0, '2021-05-13')",0
"('051718', 424.0, '2021-05-10')",0
"('051718', 425.0, '2021-03-10')",0
"('051718', 425.0, '2021-04-10')",0
"('051718', 425.0, '2021-05-24')",0
"('051718', 425.0, '2021-05-31')",0
"('051718', 425.0, '2021-02-10')",0
"('051718', 425.0, '2021-02-18')",0
"('051718', 425.0, '2021-05-30')",10
"('051718', 425.0, '2021-05-13')",0
"('051718', 425.0, '2021-05-10')",0
"('051718', 426.0, '2021-03-10')",0
"('051718', 426.0, '2021-04-10')",0
"('051718', 426.0, '2021-05-24')",0
"('051718', 426.0, '2021-05-31')",0
"('051718', 426.0, '2021-02-10')",0
"('051718', 426.0, '2021-02-18')",0
"('051718', 426.0, '2021-05-30')",11
"('051718', 426.0, '2021-05-13')",0
"('051718', 426.0, '2021-05-10')",0
"('051718', 433.0, '2021-03-10')",0
"('051718', 433.0, '2021-04-10')",0
"('051718', 433.0, '2021-05-24')",0
"('051718', 433.0, '2021-05-31')",0
"('051718', 433.0, '2021-02-10')",0
"('051718', 433.0, '2021-02-18')",0
"('051718', 433.0, '2021-05-30')",2
"('051718', 433.0, '2021-05-13')",0
"('051718', 433.0, '2021-05-10')",0
"('051718', 434.0, '2021-03-10')",0
"('051718', 434.0, '2021-04-10')",0
"('051718', 434.0, '2021-05-24')",0
"('051718', 434.0, '2021-05-31')",0
"('051718', 434.0, '2021-02-10')",0
"('051718', 434.0, '2021-02-18')",0
"('051718', 434.0, '2021-05-30')",8
"('051718', 434.0, '2021-05-13')",0
"('051718', 434.0, '2021-05-10')",0
"('051718', 435.0, '2021-03-10')",0
"('051718', 435.0, '2021-04-10')",0
"('051718', 435.0, '2021-05-24')",0
"('051718', 435.0, '2021-05-31')",0
"('051718', 435.0, '2021-02-10')",0
"('051718', 435.0, '2021-02-18')",0
"('051718', 435.0, '2021-05-30')",18
"('051718', 435.0, '2021-05-13')",0
"('051718', 435.0, '2021-05-10')",0
"('051718', 436.0, '2021-03-10')",0
"('051718', 436.0, '2021-04-10')",0
"('051718', 436.0, '2021-05-24')",0
"('051718', 436.0, '2021-05-31')",0
"('051718', 436.0, '2021-02-10')",0
"('051718', 436.0, '2021-02-18')",0
"('051718', 436.0, '2021-05-30')",0
"('051718', 436.0, '2021-05-13')",0
"('051718', 436.0, '2021-05-10')",0
"('051718', 438.0, '2021-03-10')",0
"('051718', 438.0, '2021-04-10')",0
"('051718', 438.0, '2021-05-24')",0
"('051718', 438.0, '2021-05-31')",0
"('051718', 438.0, '2021-02-10')",0
"('051718', 438.0, '2021-02-18')",0
"('051718', 438.0, '2021-05-30')",0
"('051718', 438.0, '2021-05-13')",0
"('051718', 438.0, '2021-05-10')",0
"('051718', 439.0, '2021-03-10')",0
"('051718', 439.0, '2021-04-10')",0
"('051718', 439.0, '2021-05-24')",0
"('051718', 439.0, '2021-05-31')",0
"('051718', 439.0, '2021-02-10')",0
"('051718', 439.0, '2021-02-18')",0
"('051718', 439.0, '2021-05-30')",18
"('051718', 439.0, '2021-05-13')",0
"('051718', 439.0, '2021-05-10')",0
"('051718', 440.0, '2021-03-10')",0
"('051718', 440.0, '2021-04-10')",0
"('051718', 440.0, '2021-05-24')",0
"('051718', 440.0, '2021-05-31')",0
"('051718', 440.0, '2021-02-10')",0
"('051718', 440.0, '2021-02-18')",0
"('051718', 440.0, '2021-05-30')",1
"('051718', 440.0, '2021-05-13')",0
"('051718', 440.0, '2021-05-10')",0
"('S00271', 404.0, '2021-03-10')",0
"('S00271', 404.0, '2021-04-10')",0
"('S00271', 404.0, '2021-05-24')",0
"('S00271', 404.0, '2021-05-31')",0
"('S00271', 404.0, '2021-02-10')",0
"('S00271', 404.0, '2021-02-18')",0
"('S00271', 404.0, '2021-05-30')",0
"('S00271', 404.0, '2021-05-13')",0
"('S00271', 404.0, '2021-05-10')",0
"('S00271', 405.0, '2021-03-10')",0
"('S00271', 405.0, '2021-04-10')",0
"('S00271', 405.0, '2021-05-24')",0
"('S00271', 405.0, '2021-05-31')",0
"('S00271', 405.0, '2021-02-10')",0
"('S00271', 405.0, '2021-02-18')",0
"('S00271', 405.0, '2021-05-30')",0
"('S00271', 405.0, '2021-05-13')",0
"('S00271', 405.0, '2021-05-10')",0
"('S00271', 407.0, '2021-03-10')",0
"('S00271', 407.0, '2021-04-10')",0
"('S00271', 407.0, '2021-05-24')",0
"('S00271', 407.0, '2021-05-31')",0
"('S00271', 407.0, '2021-02-10')",0
"('S00271', 407.0, '2021-02-18')",0
"('S00271', 407.0, '2021-05-30')",0
"('S00271', 407.0, '2021-05-13')",0
"('S00271', 407.0, '2021-05-10')",0
"('S00271', 408.0, '2021-03-10')",0
"('S00271', 408.0, '2021-04-10')",0
"('S00271', 408.0, '2021-05-24')",0
"('S00271', 408.0, '2021-05-31')",0
"('S00271', 408.0, '2021-02-10')",0
"('S00271', 408.0, '2021-02-18')",0
"('S00271', 408.0, '2021-05-30')",0
"('S00271', 408.0, '2021-05-13')",0
"('S00271', 408.0, '2021-05-10')",0
"('S00271', 409.0, '2021-03-10')",0
"('S00271', 409.0, '2021-04-10')",0
"('S00271', 409.0, '2021-05-24')",0
"('S00271', 409.0, '2021-05-31')",0
"('S00271', 409.0, '2021-02-10')",0
"('S00271', 409.0, '2021-02-18')",0
"('S00271', 409.0, '2021-05-30')",0
"('S00271', 409.0, '2021-05-13')",0
"('S00271', 409.0, '2021-05-10')",0
"('S00271', 410.0, '2021-03-10')",0
"('S00271', 410.0, '2021-04-10')",0
"('S00271', 410.0, '2021-05-24')",0
"('S00271', 410.0, '2021-05-31')",0
"('S00271', 410.0, '2021-02-10')",0
"('S00271', 410.0, '2021-02-18')",0
"('S00271', 410.0, '2021-05-30')",0
"('S00271', 410.0, '2021-05-13')",0
"('S00271', 410.0, '2021-05-10')",0
"('S00271', 412.0, '2021-03-10')",0
"('S00271', 412.0, '2021-04-10')",0
"('S00271', 412.0, '2021-05-24')",0
"('S00271', 412.0, '2021-05-31')",0
"('S00271', 412.0, '2021-02-10')",0
"('S00271', 412.0, '2021-02-18')",0
"('S00271', 412.0, '2021-05-30')",0
"('S00271', 412.0, '2021-05-13')",0
"('S00271', 412.0, '2021-05-10')",0
"('S00271', 416.0, '2021-03-10')",0
"('S00271', 416.0, '2021-04-10')",0
"('S00271', 416.0, '2021-05-24')",0
"('S00271', 416.0, '2021-05-31')",0
"('S00271', 416.0, '2021-02-10')",0
"('S00271', 416.0, '2021-02-18')",0
"('S00271', 416.0, '2021-05-30')",0
"('S00271', 416.0, '2021-05-13')",0
"('S00271', 416.0, '2021-05-10')",0
"('S00271', 421.0, '2021-03-10')",0
"('S00271', 421.0, '2021-04-10')",0
"('S00271', 421.0, '2021-05-24')",0
"('S00271', 421.0, '2021-05-31')",0
"('S00271', 421.0, '2021-02-10')",0
"('S00271', 421.0, '2021-02-18')",0
"('S00271', 421.0, '2021-05-30')",0
"('S00271', 421.0, '2021-05-13')",0
"('S00271', 421.0, '2021-05-10')",0
"('S00271', 422.0, '2021-03-10')",0
"('S00271', 422.0, '2021-04-10')",0
"('S00271', 422.0, '2021-05-24')",0
"('S00271', 422.0, '2021-05-31')",0
"('S00271', 422.0, '2021-02-10')",0
"('S00271', 422.0, '2021-02-18')",0
"('S00271', 422.0, '2021-05-30')",0
"('S00271', 422.0, '2021-05-13')",0
"('S00271', 422.0, '2021-05-10')",0
"('S00271', 424.0, '2021-03-10')",0
"('S00271', 424.0, '2021-04-10')",0
"('S00271', 424.0, '2021-05-24')",0
"('S00271', 424.0, '2021-05-31')",0
"('S00271', 424.0, '2021-02-10')",0
"('S00271', 424.0, '2021-02-18')",0
"('S00271', 424.0, '2021-05-30')",0
"('S00271', 424.0, '2021-05-13')",0
"('S00271', 424.0, '2021-05-10')",0
"('S00271', 425.0, '2021-03-10')",0
"('S00271', 425.0, '2021-04-10')",0
"('S00271', 425.0, '2021-05-24')",0
"('S00271', 425.0, '2021-05-31')",128
"('S00271', 425.0, '2021-02-10')",0
"('S00271', 425.0, '2021-02-18')",0
"('S00271', 425.0, '2021-05-30')",0
"('S00271', 425.0, '2021-05-13')",0
"('S00271', 425.0, '2021-05-10')",0
"('S00271', 426.0, '2021-03-10')",0
"('S00271', 426.0, '2021-04-10')",0
"('S00271', 426.0, '2021-05-24')",0
"('S00271', 426.0, '2021-05-31')",0
"('S00271', 426.0, '2021-02-10')",0
"('S00271', 426.0, '2021-02-18')",0
"('S00271', 426.0, '2021-05-30')",0
"('S00271', 426.0, '2021-05-13')",0
"('S00271', 426.0, '2021-05-10')",0
"('S00271', 433.0, '2021-03-10')",0
"('S00271', 433.0, '2021-04-10')",0
"('S00271', 433.0, '2021-05-24')",0
"('S00271', 433.0, '2021-05-31')",0
"('S00271', 433.0, '2021-02-10')",0
"('S00271', 433.0, '2021-02-18')",0
"('S00271', 433.0, '2021-05-30')",0
"('S00271', 433.0, '2021-05-13')",0
"('S00271', 433.0, '2021-05-10')",0
"('S00271', 434.0, '2021-03-10')",0
"('S00271', 434.0, '2021-04-10')",0
"('S00271', 434.0, '2021-05-24')",0
"('S00271', 434.0, '2021-05-31')",0
"('S00271', 434.0, '2021-02-10')",0
"('S00271', 434.0, '2021-02-18')",0
"('S00271', 434.0, '2021-05-30')",0
"('S00271', 434.0, '2021-05-13')",0
"('S00271', 434.0, '2021-05-10')",0
"('S00271', 435.0, '2021-03-10')",0
"('S00271', 435.0, '2021-04-10')",0
"('S00271', 435.0, '2021-05-24')",0
"('S00271', 435.0, '2021-05-31')",0
"('S00271', 435.0, '2021-02-10')",0
"('S00271', 435.0, '2021-02-18')",0
"('S00271', 435.0, '2021-05-30')",0
"('S00271', 435.0, '2021-05-13')",0
"('S00271', 435.0, '2021-05-10')",0
"('S00271', 436.0, '2021-03-10')",0
"('S00271', 436.0, '2021-04-10')",0
"('S00271', 436.0, '2021-05-24')",0
"('S00271', 436.0, '2021-05-31')",0
"('S00271', 436.0, '2021-02-10')",0
"('S00271', 436.0, '2021-02-18')",0
"('S00271', 436.0, '2021-05-30')",0
"('S00271', 436.0, '2021-05-13')",0
"('S00271', 436.0, '2021-05-10')",0
"('S00271', 438.0, '2021-03-10')",0
"('S00271', 438.0, '2021-04-10')",0
"('S00271', 438.0, '2021-05-24')",0
"('S00271', 438.0, '2021-05-31')",0
"('S00271', 438.0, '2021-02-10')",0
"('S00271', 438.0, '2021-02-18')",0
"('S00271', 438.0, '2021-05-30')",0
"('S00271', 438.0, '2021-05-13')",0
"('S00271', 438.0, '2021-05-10')",0
"('S00271', 439.0, '2021-03-10')",0
"('S00271', 439.0, '2021-04-10')",0
"('S00271', 439.0, '2021-05-24')",0
"('S00271', 439.0, '2021-05-31')",0
"('S00271', 439.0, '2021-02-10')",0
"('S00271', 439.0, '2021-02-18')",0
"('S00271', 439.0, '2021-05-30')",0
"('S00271', 439.0, '2021-05-13')",0
"('S00271', 439.0, '2021-05-10')",0
"('S00271', 440.0, '2021-03-10')",0
"('S00271', 440.0, '2021-04-10')",0
"('S00271', 440.0, '2021-05-24')",0
"('S00271', 440.0, '2021-05-31')",0
"('S00271', 440.0, '2021-02-10')",0
"('S00271', 440.0, '2021-02-18')",0
"('S00271', 440.0, '2021-05-30')",0
"('S00271', 440.0, '2021-05-13')",0
"('S00271', 440.0, '2021-05-10')",0
"('S00341', 404.0, '2021-03-10')",0
"('S00341', 404.0, '2021-04-10')",0
"('S00341', 404.0, '2021-05-24')",0
"('S00341', 404.0, '2021-05-31')",0
"('S00341', 404.0, '2021-02-10')",0
"('S00341', 404.0, '2021-02-18')",0
"('S00341', 404.0, '2021-05-30')",0
"('S00341', 404.0, '2021-05-13')",0
"('S00341', 404.0, '2021-05-10')",0
"('S00341', 405.0, '2021-03-10')",0
"('S00341', 405.0, '2021-04-10')",0
"('S00341', 405.0, '2021-05-24')",0
"('S00341', 405.0, '2021-05-31')",0
"('S00341', 405.0, '2021-02-10')",0
"('S00341', 405.0, '2021-02-18')",0
"('S00341', 405.0, '2021-05-30')",0
"('S00341', 405.0, '2021-05-13')",0
"('S00341', 405.0, '2021-05-10')",0
"('S00341', 407.0, '2021-03-10')",0
"('S00341', 407.0, '2021-04-10')",0
"('S00341', 407.0, '2021-05-24')",0
"('S00341', 407.0, '2021-05-31')",0
"('S00341', 407.0, '2021-02-10')",0
"('S00341', 407.0, '2021-02-18')",0
"('S00341', 407.0, '2021-05-30')",0
"('S00341', 407.0, '2021-05-13')",0
"('S00341', 407.0, '2021-05-10')",0
"('S00341', 408.0, '2021-03-10')",0
"('S00341', 408.0, '2021-04-10')",0
"('S00341', 408.0, '2021-05-24')",0
"('S00341', 408.0, '2021-05-31')",0
"('S00341', 408.0, '2021-02-10')",0
"('S00341', 408.0, '2021-02-18')",0
"('S00341', 408.0, '2021-05-30')",0
"('S00341', 408.0, '2021-05-13')",0
"('S00341', 408.0, '2021-05-10')",0
"('S00341', 409.0, '2021-03-10')",0
"('S00341', 409.0, '2021-04-10')",0
"('S00341', 409.0, '2021-05-24')",0
"('S00341', 409.0, '2021-05-31')",0
"('S00341', 409.0, '2021-02-10')",0
"('S00341', 409.0, '2021-02-18')",0
"('S00341', 409.0, '2021-05-30')",0
"('S00341', 409.0, '2021-05-13')",0
"('S00341', 409.0, '2021-05-10')",0
"('S00341', 410.0, '2021-03-10')",0
"('S00341', 410.0, '2021-04-10')",0
"('S00341', 410.0, '2021-05-24')",0
"('S00341', 410.0, '2021-05-31')",0
"('S00341', 410.0, '2021-02-10')",0
"('S00341', 410.0, '2021-02-18')",0
"('S00341', 410.0, '2021-05-30')",0
"('S00341', 410.0, '2021-05-13')",0
"('S00341', 410.0, '2021-05-10')",0
"('S00341', 412.0, '2021-03-10')",0
"('S00341', 412.0, '2021-04-10')",0
"('S00341', 412.0, '2021-05-24')",0
"('S00341', 412.0, '2021-05-31')",0
"('S00341', 412.0, '2021-02-10')",0
"('S00341', 412.0, '2021-02-18')",0
"('S00341', 412.0, '2021-05-30')",0
"('S00341', 412.0, '2021-05-13')",0
"('S00341', 412.0, '2021-05-10')",0
"('S00341', 416.0, '2021-03-10')",0
"('S00341', 416.0, '2021-04-10')",0
"('S00341', 416.0, '2021-05-24')",0
"('S00341', 416.0, '2021-05-31')",0
"('S00341', 416.0, '2021-02-10')",0
"('S00341', 416.0, '2021-02-18')",0
"('S00341', 416.0, '2021-05-30')",0
"('S00341', 416.0, '2021-05-13')",0
"('S00341', 416.0, '2021-05-10')",0
"('S00341', 421.0, '2021-03-10')",0
"('S00341', 421.0, '2021-04-10')",0
"('S00341', 421.0, '2021-05-24')",0
"('S00341', 421.0, '2021-05-31')",0
"('S00341', 421.0, '2021-02-10')",0
"('S00341', 421.0, '2021-02-18')",0
"('S00341', 421.0, '2021-05-30')",0
"('S00341', 421.0, '2021-05-13')",0
"('S00341', 421.0, '2021-05-10')",0
"('S00341', 422.0, '2021-03-10')",0
"('S00341', 422.0, '2021-04-10')",0
"('S00341', 422.0, '2021-05-24')",0
"('S00341', 422.0, '2021-05-31')",0
"('S00341', 422.0, '2021-02-10')",0
"('S00341', 422.0, '2021-02-18')",0
"('S00341', 422.0, '2021-05-30')",0
"('S00341', 422.0, '2021-05-13')",0
"('S00341', 422.0, '2021-05-10')",0
"('S00341', 424.0, '2021-03-10')",0
"('S00341', 424.0, '2021-04-10')",0
"('S00341', 424.0, '2021-05-24')",0
"('S00341', 424.0, '2021-05-31')",0
"('S00341', 424.0, '2021-02-10')",0
"('S00341', 424.0, '2021-02-18')",0
"('S00341', 424.0, '2021-05-30')",0
"('S00341', 424.0, '2021-05-13')",0
"('S00341', 424.0, '2021-05-10')",0
"('S00341', 425.0, '2021-03-10')",0
"('S00341', 425.0, '2021-04-10')",0
"('S00341', 425.0, '2021-05-24')",0
"('S00341', 425.0, '2021-05-31')",0
"('S00341', 425.0, '2021-02-10')",0
"('S00341', 425.0, '2021-02-18')",0
"('S00341', 425.0, '2021-05-30')",0
"('S00341', 425.0, '2021-05-13')",0
"('S00341', 425.0, '2021-05-10')",0
"('S00341', 426.0, '2021-03-10')",0
"('S00341', 426.0, '2021-04-10')",0
"('S00341', 426.0, '2021-05-24')",0
"('S00341', 426.0, '2021-05-31')",0
"('S00341', 426.0, '2021-02-10')",0
"('S00341', 426.0, '2021-02-18')",0
"('S00341', 426.0, '2021-05-30')",0
"('S00341', 426.0, '2021-05-13')",0
"('S00341', 426.0, '2021-05-10')",0
"('S00341', 433.0, '2021-03-10')",0
"('S00341', 433.0, '2021-04-10')",0
"('S00341', 433.0, '2021-05-24')",0
"('S00341', 433.0, '2021-05-31')",0
"('S00341', 433.0, '2021-02-10')",0
"('S00341', 433.0, '2021-02-18')",0
"('S00341', 433.0, '2021-05-30')",0
"('S00341', 433.0, '2021-05-13')",0
"('S00341', 433.0, '2021-05-10')",0
"('S00341', 434.0, '2021-03-10')",0
"('S00341', 434.0, '2021-04-10')",0
"('S00341', 434.0, '2021-05-24')",0
"('S00341', 434.0, '2021-05-31')",0
"('S00341', 434.0, '2021-02-10')",0
"('S00341', 434.0, '2021-02-18')",0
"('S00341', 434.0, '2021-05-30')",0
"('S00341', 434.0, '2021-05-13')",0
"('S00341', 434.0, '2021-05-10')",0
"('S00341', 435.0, '2021-03-10')",0
"('S00341', 435.0, '2021-04-10')",0
"('S00341', 435.0, '2021-05-24')",0
"('S00341', 435.0, '2021-05-31')",0
"('S00341', 435.0, '2021-02-10')",0
"('S00341', 435.0, '2021-02-18')",0
"('S00341', 435.0, '2021-05-30')",0
"('S00341', 435.0, '2021-05-13')",0
"('S00341', 435.0, '2021-05-10')",0
"('S00341', 436.0, '2021-03-10')",0
"('S00341', 436.0, '2021-04-10')",0
"('S00341', 436.0, '2021-05-24')",0
"('S00341', 436.0, '2021-05-31')",0
"('S00341', 436.0, '2021-02-10')",0
"('S00341', 436.0, '2021-02-18')",0
"('S00341', 436.0, '2021-05-30')",0
"('S00341', 436.0, '2021-05-13')",0
"('S00341', 436.0, '2021-05-10')",0
"('S00341', 438.0, '2021-03-10')",0
"('S00341', 438.0, '2021-04-10')",0
"('S00341', 438.0, '2021-05-24')",0
"('S00341', 438.0, '2021-05-31')",0
"('S00341', 438.0, '2021-02-10')",0
"('S00341', 438.0, '2021-02-18')",0
"('S00341', 438.0, '2021-05-30')",0
"('S00341', 438.0, '2021-05-13')",0
"('S00341', 438.0, '2021-05-10')",0
"('S00341', 439.0, '2021-03-10')",0
"('S00341', 439.0, '2021-04-10')",0
"('S00341', 439.0, '2021-05-24')",0
"('S00341', 439.0, '2021-05-31')",0
"('S00341', 439.0, '2021-02-10')",0
"('S00341', 439.0, '2021-02-18')",0
"('S00341', 439.0, '2021-05-30')",0
"('S00341', 439.0, '2021-05-13')",0
"('S00341', 439.0, '2021-05-10')",0
"('S00341', 440.0, '2021-03-10')",0
"('S00341', 440.0, '2021-04-10')",0
"('S00341', 440.0, '2021-05-24')",0
"('S00341', 440.0, '2021-05-31')",0
"('S00341', 440.0, '2021-02-10')",0
"('S00341', 440.0, '2021-02-18')",0
"('S00341', 440.0, '2021-05-30')",0
"('S00341', 440.0, '2021-05-13')",0
"('S00341', 440.0, '2021-05-10')",0
"('K04031', 404.0, '2021-03-10')",0
"('K04031', 404.0, '2021-04-10')",0
"('K04031', 404.0, '2021-05-24')",0
"('K04031', 404.0, '2021-05-31')",0
"('K04031', 404.0, '2021-02-10')",0
"('K04031', 404.0, '2021-02-18')",0
"('K04031', 404.0, '2021-05-30')",0
"('K04031', 404.0, '2021-05-13')",0
"('K04031', 404.0, '2021-05-10')",0
"('K04031', 405.0, '2021-03-10')",0
"('K04031', 405.0, '2021-04-10')",0
"('K04031', 405.0, '2021-05-24')",0
"('K04031', 405.0, '2021-05-31')",0
"('K04031', 405.0, '2021-02-10')",0
"('K04031', 405.0, '2021-02-18')",0
"('K04031', 405.0, '2021-05-30')",0
"('K04031', 405.0, '2021-05-13')",0
"('K04031', 405.0, '2021-05-10')",0
"('K04031', 407.0, '2021-03-10')",0
"('K04031', 407.0, '2021-04-10')",0
"('K04031', 407.0, '2021-05-24')",70
"('K04031', 407.0, '2021-05-31')",0
"('K04031', 407.0, '2021-02-10')",0
"('K04031', 407.0, '2021-02-18')",0
"('K04031', 407.0, '2021-05-30')",0
"('K04031', 407.0, '2021-05-13')",0
"('K04031', 407.0, '2021-05-10')",0
"('K04031', 408.0, '2021-03-10')",0
"('K04031', 408.0, '2021-04-10')",0
"('K04031', 408.0, '2021-05-24')",0
"('K04031', 408.0, '2021-05-31')",0
"('K04031', 408.0, '2021-02-10')",0
"('K04031', 408.0, '2021-02-18')",0
"('K04031', 408.0, '2021-05-30')",0
"('K04031', 408.0, '2021-05-13')",0
"('K04031', 408.0, '2021-05-10')",0
"('K04031', 409.0, '2021-03-10')",0
"('K04031', 409.0, '2021-04-10')",0
"('K04031', 409.0, '2021-05-24')",11
"('K04031', 409.0, '2021-05-31')",0
"('K04031', 409.0, '2021-02-10')",0
"('K04031', 409.0, '2021-02-18')",0
"('K04031', 409.0, '2021-05-30')",0
"('K04031', 409.0, '2021-05-13')",0
"('K04031', 409.0, '2021-05-10')",0
"('K04031', 410.0, '2021-03-10')",0
"('K04031', 410.0, '2021-04-10')",0
"('K04031', 410.0, '2021-05-24')",160
"('K04031', 410.0, '2021-05-31')",0
"('K04031', 410.0, '2021-02-10')",0
"('K04031', 410.0, '2021-02-18')",0
"('K04031', 410.0, '2021-05-30')",0
"('K04031', 410.0, '2021-05-13')",0
"('K04031', 410.0, '2021-05-10')",0
"('K04031', 412.0, '2021-03-10')",0
"('K04031', 412.0, '2021-04-10')",0
"('K04031', 412.0, '2021-05-24')",0
"('K04031', 412.0, '2021-05-31')",0
"('K04031', 412.0, '2021-02-10')",0
"('K04031', 412.0, '2021-02-18')",0
"('K04031', 412.0, '2021-05-30')",0
"('K04031', 412.0, '2021-05-13')",0
"('K04031', 412.0, '2021-05-10')",0
"('K04031', 416.0, '2021-03-10')",0
"('K04031', 416.0, '2021-04-10')",0
"('K04031', 416.0, '2021-05-24')",99
"('K04031', 416.0, '2021-05-31')",0
"('K04031', 416.0, '2021-02-10')",0
"('K04031', 416.0, '2021-02-18')",0
"('K04031', 416.0, '2021-05-30')",0
"('K04031', 416.0, '2021-05-13')",0
"('K04031', 416.0, '2021-05-10')",0
"('K04031', 421.0, '2021-03-10')",0
"('K04031', 421.0, '2021-04-10')",0
"('K04031', 421.0, '2021-05-24')",0
"('K04031', 421.0, '2021-05-31')",0
"('K04031', 421.0, '2021-02-10')",0
"('K04031', 421.0, '2021-02-18')",0
"('K04031', 421.0, '2021-05-30')",0
"('K04031', 421.0, '2021-05-13')",0
"('K04031', 421.0, '2021-05-10')",0
"('K04031', 422.0, '2021-03-10')",0
"('K04031', 422.0, '2021-04-10')",0
"('K04031', 422.0, '2021-05-24')",0
"('K04031', 422.0, '2021-05-31')",0
"('K04031', 422.0, '2021-02-10')",0
"('K04031', 422.0, '2021-02-18')",0
"('K04031', 422.0, '2021-05-30')",0
"('K04031', 422.0, '2021-05-13')",0
"('K04031', 422.0, '2021-05-10')",0
"('K04031', 424.0, '2021-03-10')",0
"('K04031', 424.0, '2021-04-10')",0
"('K04031', 424.0, '2021-05-24')",0
"('K04031', 424.0, '2021-05-31')",0
"('K04031', 424.0, '2021-02-10')",0
"('K04031', 424.0, '2021-02-18')",0
"('K04031', 424.0, '2021-05-30')",0
"('K04031', 424.0, '2021-05-13')",0
"('K04031', 424.0, '2021-05-10')",0
"('K04031', 425.0, '2021-03-10')",0
"('K04031', 425.0, '2021-04-10')",0
"('K04031', 425.0, '2021-05-24')",59
"('K04031', 425.0, '2021-05-31')",0
"('K04031', 425.0, '2021-02-10')",0
"('K04031', 425.0, '2021-02-18')",0
"('K04031', 425.0, '2021-05-30')",0
"('K04031', 425.0, '2021-05-13')",0
"('K04031', 425.0, '2021-05-10')",0
"('K04031', 426.0, '2021-03-10')",0
"('K04031', 426.0, '2021-04-10')",0
"('K04031', 426.0, '2021-05-24')",0
"('K04031', 426.0, '2021-05-31')",0
"('K04031', 426.0, '2021-02-10')",0
"('K04031', 426.0, '2021-02-18')",0
"('K04031', 426.0, '2021-05-30')",0
"('K04031', 426.0, '2021-05-13')",0
"('K04031', 426.0, '2021-05-10')",0
"('K04031', 433.0, '2021-03-10')",0
"('K04031', 433.0, '2021-04-10')",0
"('K04031', 433.0, '2021-05-24')",122
"('K04031', 433.0, '2021-05-31')",0
"('K04031', 433.0, '2021-02-10')",0
"('K04031', 433.0, '2021-02-18')",0
"('K04031', 433.0, '2021-05-30')",0
"('K04031', 433.0, '2021-05-13')",0
"('K04031', 433.0, '2021-05-10')",0
"('K04031', 434.0, '2021-03-10')",0
"('K04031', 434.0, '2021-04-10')",0
"('K04031', 434.0, '2021-05-24')",35
"('K04031', 434.0, '2021-05-31')",0
"('K04031', 434.0, '2021-02-10')",0
"('K04031', 434.0, '2021-02-18')",0
"('K04031', 434.0, '2021-05-30')",0
"('K04031', 434.0, '2021-05-13')",0
"('K04031', 434.0, '2021-05-10')",0
"('K04031', 435.0, '2021-03-10')",0
"('K04031', 435.0, '2021-04-10')",0
"('K04031', 435.0, '2021-05-24')",0
"('K04031', 435.0, '2021-05-31')",0
"('K04031', 435.0, '2021-02-10')",0
"('K04031', 435.0, '2021-02-18')",0
"('K04031', 435.0, '2021-05-30')",0
"('K04031', 435.0, '2021-05-13')",0
"('K04031', 435.0, '2021-05-10')",0
"('K04031', 436.0, '2021-03-10')",0
"('K04031', 436.0, '2021-04-10')",0
"('K04031', 436.0, '2021-05-24')",0
"('K04031', 436.0, '2021-05-31')",0
"('K04031', 436.0, '2021-02-10')",0
"('K04031', 436.0, '2021-02-18')",0
"('K04031', 436.0, '2021-05-30')",0
"('K04031', 436.0, '2021-05-13')",0
"('K04031', 436.0, '2021-05-10')",0
"('K04031', 438.0, '2021-03-10')",0
"('K04031', 438.0, '2021-04-10')",0
"('K04031', 438.0, '2021-05-24')",0
"('K04031', 438.0, '2021-05-31')",0
"('K04031', 438.0, '2021-02-10')",0
"('K04031', 438.0, '2021-02-18')",0
"('K04031', 438.0, '2021-05-30')",0
"('K04031', 438.0, '2021-05-13')",0
"('K04031', 438.0, '2021-05-10')",0
"('K04031', 439.0, '2021-03-10')",0
"('K04031', 439.0, '2021-04-10')",0
"('K04031', 439.0, '2021-05-24')",0
"('K04031', 439.0, '2021-05-31')",0
"('K04031', 439.0, '2021-02-10')",0
"('K04031', 439.0, '2021-02-18')",0
"('K04031', 439.0, '2021-05-30')",0
"('K04031', 439.0, '2021-05-13')",0
"('K04031', 439.0, '2021-05-10')",0
"('K04031', 440.0, '2021-03-10')",0
"('K04031', 440.0, '2021-04-10')",0
"('K04031', 440.0, '2021-05-24')",0
"('K04031', 440.0, '2021-05-31')",0
"('K04031', 440.0, '2021-02-10')",0
"('K04031', 440.0, '2021-02-18')",0
"('K04031', 440.0, '2021-05-30')",0
"('K04031', 440.0, '2021-05-13')",0
"('K04031', 440.0, '2021-05-10')",0
"('066157', 404.0, '2021-03-10')",0
"('066157', 404.0, '2021-04-10')",0
"('066157', 404.0, '2021-05-24')",0
"('066157', 404.0, '2021-05-31')",0
"('066157', 404.0, '2021-02-10')",0
"('066157', 404.0, '2021-02-18')",0
"('066157', 404.0, '2021-05-30')",0
"('066157', 404.0, '2021-05-13')",0
"('066157', 404.0, '2021-05-10')",0
"('066157', 405.0, '2021-03-10')",0
"('066157', 405.0, '2021-04-10')",0
"('066157', 405.0, '2021-05-24')",0
"('066157', 405.0, '2021-05-31')",0
"('066157', 405.0, '2021-02-10')",0
"('066157', 405.0, '2021-02-18')",0
"('066157', 405.0, '2021-05-30')",0
"('066157', 405.0, '2021-05-13')",0
"('066157', 405.0, '2021-05-10')",0
"('066157', 407.0, '2021-03-10')",0
"('066157', 407.0, '2021-04-10')",0
"('066157', 407.0, '2021-05-24')",0
"('066157', 407.0, '2021-05-31')",0
"('066157', 407.0, '2021-02-10')",0
"('066157', 407.0, '2021-02-18')",0
"('066157', 407.0, '2021-05-30')",0
"('066157', 407.0, '2021-05-13')",0
"('066157', 407.0, '2021-05-10')",0
"('066157', 408.0, '2021-03-10')",0
"('066157', 408.0, '2021-04-10')",0
"('066157', 408.0, '2021-05-24')",0
"('066157', 408.0, '2021-05-31')",0
"('066157', 408.0, '2021-02-10')",0
"('066157', 408.0, '2021-02-18')",0
"('066157', 408.0, '2021-05-30')",0
"('066157', 408.0, '2021-05-13')",0
"('066157', 408.0, '2021-05-10')",0
"('066157', 409.0, '2021-03-10')",0
"('066157', 409.0, '2021-04-10')",0
"('066157', 409.0, '2021-05-24')",0
"('066157', 409.0, '2021-05-31')",0
"('066157', 409.0, '2021-02-10')",0
"('066157', 409.0, '2021-02-18')",0
"('066157', 409.0, '2021-05-30')",0
"('066157', 409.0, '2021-05-13')",0
"('066157', 409.0, '2021-05-10')",0
"('066157', 410.0, '2021-03-10')",0
"('066157', 410.0, '2021-04-10')",0
"('066157', 410.0, '2021-05-24')",0
"('066157', 410.0, '2021-05-31')",0
"('066157', 410.0, '2021-02-10')",0
"('066157', 410.0, '2021-02-18')",0
"('066157', 410.0, '2021-05-30')",0
"('066157', 410.0, '2021-05-13')",0
"('066157', 410.0, '2021-05-10')",0
"('066157', 412.0, '2021-03-10')",0
"('066157', 412.0, '2021-04-10')",0
"('066157', 412.0, '2021-05-24')",0
"('066157', 412.0, '2021-05-31')",0
"('066157', 412.0, '2021-02-10')",0
"('066157', 412.0, '2021-02-18')",0
"('066157', 412.0, '2021-05-30')",0
"('066157', 412.0, '2021-05-13')",0
"('066157', 412.0, '2021-05-10')",0
"('066157', 416.0, '2021-03-10')",0
"('066157', 416.0, '2021-04-10')",0
"('066157', 416.0, '2021-05-24')",0
"('066157', 416.0, '2021-05-31')",0
"('066157', 416.0, '2021-02-10')",0
"('066157', 416.0, '2021-02-18')",0
"('066157', 416.0, '2021-05-30')",0
"('066157', 416.0, '2021-05-13')",0
"('066157', 416.0, '2021-05-10')",0
"('066157', 421.0, '2021-03-10')",0
"('066157', 421.0, '2021-04-10')",0
"('066157', 421.0, '2021-05-24')",0
"('066157', 421.0, '2021-05-31')",0
"('066157', 421.0, '2021-02-10')",0
"('066157', 421.0, '2021-02-18')",0
"('066157', 421.0, '2021-05-30')",0
"('066157', 421.0, '2021-05-13')",0
"('066157', 421.0, '2021-05-10')",0
"('066157', 422.0, '2021-03-10')",0
"('066157', 422.0, '2021-04-10')",0
"('066157', 422.0, '2021-05-24')",0
"('066157', 422.0, '2021-05-31')",0
"('066157', 422.0, '2021-02-10')",0
"('066157', 422.0, '2021-02-18')",0
"('066157', 422.0, '2021-05-30')",0
"('066157', 422.0, '2021-05-13')",0
"('066157', 422.0, '2021-05-10')",0
"('066157', 424.0, '2021-03-10')",0
"('066157', 424.0, '2021-04-10')",0
"('066157', 424.0, '2021-05-24')",0
"('066157', 424.0, '2021-05-31')",0
"('066157', 424.0, '2021-02-10')",0
"('066157', 424.0, '2021-02-18')",0
"('066157', 424.0, '2021-05-30')",0
"('066157', 424.0, '2021-05-13')",0
"('066157', 424.0, '2021-05-10')",0
"('066157', 425.0, '2021-03-10')",0
"('066157', 425.0, '2021-04-10')",0
"('066157', 425.0, '2021-05-24')",0
"('066157', 425.0, '2021-05-31')",0
"('066157', 425.0, '2021-02-10')",0
"('066157', 425.0, '2021-02-18')",0
"('066157', 425.0, '2021-05-30')",0
"('066157', 425.0, '2021-05-13')",0
"('066157', 425.0, '2021-05-10')",0
"('066157', 426.0, '2021-03-10')",0
"('066157', 426.0, '2021-04-10')",0
"('066157', 426.0, '2021-05-24')",0
"('066157', 426.0, '2021-05-31')",0
"('066157', 426.0, '2021-02-10')",0
"('066157', 426.0, '2021-02-18')",0
"('066157', 426.0, '2021-05-30')",0
"('066157', 426.0, '2021-05-13')",0
"('066157', 426.0, '2021-05-10')",0
"('066157', 433.0, '2021-03-10')",0
"('066157', 433.0, '2021-04-10')",0
"('066157', 433.0, '2021-05-24')",0
"('066157', 433.0, '2021-05-31')",0
"('066157', 433.0, '2021-02-10')",0
"('066157', 433.0, '2021-02-18')",0
"('066157', 433.0, '2021-05-30')",0
"('066157', 433.0, '2021-05-13')",0
"('066157', 433.0, '2021-05-10')",0
"('066157', 434.0, '2021-03-10')",0
"('066157', 434.0, '2021-04-10')",0
"('066157', 434.0, '2021-05-24')",0
"('066157', 434.0, '2021-05-31')",0
"('066157', 434.0, '2021-02-10')",0
"('066157', 434.0, '2021-02-18')",0
"('066157', 434.0, '2021-05-30')",0
"('066157', 434.0, '2021-05-13')",5
"('066157', 434.0, '2021-05-10')",0
"('066157', 435.0, '2021-03-10')",0
"('066157', 435.0, '2021-04-10')",0
"('066157', 435.0, '2021-05-24')",0
"('066157', 435.0, '2021-05-31')",0
"('066157', 435.0, '2021-02-10')",0
"('066157', 435.0, '2021-02-18')",0
"('066157', 435.0, '2021-05-30')",0
"('066157', 435.0, '2021-05-13')",0
"('066157', 435.0, '2021-05-10')",0
"('066157', 436.0, '2021-03-10')",0
"('066157', 436.0, '2021-04-10')",0
"('066157', 436.0, '2021-05-24')",0
"('066157', 436.0, '2021-05-31')",0
"('066157', 436.0, '2021-02-10')",0
"('066157', 436.0, '2021-02-18')",0
"('066157', 436.0, '2021-05-30')",0
"('066157', 436.0, '2021-05-13')",0
"('066157', 436.0, '2021-05-10')",0
"('066157', 438.0, '2021-03-10')",0
"('066157', 438.0, '2021-04-10')",0
"('066157', 438.0, '2021-05-24')",0
"('066157', 438.0, '2021-05-31')",0
"('066157', 438.0, '2021-02-10')",0
"('066157', 438.0, '2021-02-18')",0
"('066157', 438.0, '2021-05-30')",0
"('066157', 438.0, '2021-05-13')",0
"('066157', 438.0, '2021-05-10')",0
"('066157', 439.0, '2021-03-10')",0
"('066157', 439.0, '2021-04-10')",0
"('066157', 439.0, '2021-05-24')",0
"('066157', 439.0, '2021-05-31')",0
"('066157', 439.0, '2021-02-10')",0
"('066157', 439.0, '2021-02-18')",0
"('066157', 439.0, '2021-05-30')",0
"('066157', 439.0, '2021-05-13')",0
"('066157', 439.0, '2021-05-10')",0
"('066157', 440.0, '2021-03-10')",0
"('066157', 440.0, '2021-04-10')",0
"('066157', 440.0, '2021-05-24')",0
"('066157', 440.0, '2021-05-31')",0
"('066157', 440.0, '2021-02-10')",0
"('066157', 440.0, '2021-02-18')",0
"('066157', 440.0, '2021-05-30')",0
"('066157', 440.0, '2021-05-13')",0
"('066157', 440.0, '2021-05-10')",0
"('K04033', 404.0, '2021-03-10')",0
"('K04033', 404.0, '2021-04-10')",0
"('K04033', 404.0, '2021-05-24')",0
"('K04033', 404.0, '2021-05-31')",0
"('K04033', 404.0, '2021-02-10')",0
"('K04033', 404.0, '2021-02-18')",0
"('K04033', 404.0, '2021-05-30')",0
"('K04033', 404.0, '2021-05-13')",0
"('K04033', 404.0, '2021-05-10')",0
"('K04033', 405.0, '2021-03-10')",0
"('K04033', 405.0, '2021-04-10')",0
"('K04033', 405.0, '2021-05-24')",0
"('K04033', 405.0, '2021-05-31')",0
"('K04033', 405.0, '2021-02-10')",0
"('K04033', 405.0, '2021-02-18')",0
"('K04033', 405.0, '2021-05-30')",0
"('K04033', 405.0, '2021-05-13')",0
"('K04033', 405.0, '2021-05-10')",0
"('K04033', 407.0, '2021-03-10')",0
"('K04033', 407.0, '2021-04-10')",0
"('K04033', 407.0, '2021-05-24')",0
"('K04033', 407.0, '2021-05-31')",0
"('K04033', 407.0, '2021-02-10')",0
"('K04033', 407.0, '2021-02-18')",0
"('K04033', 407.0, '2021-05-30')",0
"('K04033', 407.0, '2021-05-13')",0
"('K04033', 407.0, '2021-05-10')",0
"('K04033', 408.0, '2021-03-10')",0
"('K04033', 408.0, '2021-04-10')",0
"('K04033', 408.0, '2021-05-24')",0
"('K04033', 408.0, '2021-05-31')",0
"('K04033', 408.0, '2021-02-10')",0
"('K04033', 408.0, '2021-02-18')",0
"('K04033', 408.0, '2021-05-30')",0
"('K04033', 408.0, '2021-05-13')",0
"('K04033', 408.0, '2021-05-10')",0
"('K04033', 409.0, '2021-03-10')",0
"('K04033', 409.0, '2021-04-10')",0
"('K04033', 409.0, '2021-05-24')",0
"('K04033', 409.0, '2021-05-31')",0
"('K04033', 409.0, '2021-02-10')",0
"('K04033', 409.0, '2021-02-18')",0
"('K04033', 409.0, '2021-05-30')",0
"('K04033', 409.0, '2021-05-13')",0
"('K04033', 409.0, '2021-05-10')",0
"('K04033', 410.0, '2021-03-10')",0
"('K04033', 410.0, '2021-04-10')",0
"('K04033', 410.0, '2021-05-24')",0
"('K04033', 410.0, '2021-05-31')",0
"('K04033', 410.0, '2021-02-10')",0
"('K04033', 410.0, '2021-02-18')",0
"('K04033', 410.0, '2021-05-30')",0
"('K04033', 410.0, '2021-05-13')",0
"('K04033', 410.0, '2021-05-10')",0
"('K04033', 412.0, '2021-03-10')",0
"('K04033', 412.0, '2021-04-10')",0
"('K04033', 412.0, '2021-05-24')",0
"('K04033', 412.0, '2021-05-31')",0
"('K04033', 412.0, '2021-02-10')",0
"('K04033', 412.0, '2021-02-18')",0
"('K04033', 412.0, '2021-05-30')",0
"('K04033', 412.0, '2021-05-13')",0
"('K04033', 412.0, '2021-05-10')",0
"('K04033', 416.0, '2021-03-10')",0
"('K04033', 416.0, '2021-04-10')",0
"('K04033', 416.0, '2021-05-24')",0
"('K04033', 416.0, '2021-05-31')",0
"('K04033', 416.0, '2021-02-10')",0
"('K04033', 416.0, '2021-02-18')",0
"('K04033', 416.0, '2021-05-30')",0
"('K04033', 416.0, '2021-05-13')",0
"('K04033', 416.0, '2021-05-10')",0
"('K04033', 421.0, '2021-03-10')",0
"('K04033', 421.0, '2021-04-10')",0
"('K04033', 421.0, '2021-05-24')",0
"('K04033', 421.0, '2021-05-31')",0
"('K04033', 421.0, '2021-02-10')",0
"('K04033', 421.0, '2021-02-18')",0
"('K04033', 421.0, '2021-05-30')",0
"('K04033', 421.0, '2021-05-13')",0
"('K04033', 421.0, '2021-05-10')",0
"('K04033', 422.0, '2021-03-10')",0
"('K04033', 422.0, '2021-04-10')",0
"('K04033', 422.0, '2021-05-24')",0
"('K04033', 422.0, '2021-05-31')",0
"('K04033', 422.0, '2021-02-10')",0
"('K04033', 422.0, '2021-02-18')",0
"('K04033', 422.0, '2021-05-30')",0
"('K04033', 422.0, '2021-05-13')",0
"('K04033', 422.0, '2021-05-10')",0
"('K04033', 424.0, '2021-03-10')",0
"('K04033', 424.0, '2021-04-10')",0
"('K04033', 424.0, '2021-05-24')",0
"('K04033', 424.0, '2021-05-31')",0
"('K04033', 424.0, '2021-02-10')",0
"('K04033', 424.0, '2021-02-18')",0
"('K04033', 424.0, '2021-05-30')",0
"('K04033', 424.0, '2021-05-13')",0
"('K04033', 424.0, '2021-05-10')",0
"('K04033', 425.0, '2021-03-10')",0
"('K04033', 425.0, '2021-04-10')",0
"('K04033', 425.0, '2021-05-24')",0
"('K04033', 425.0, '2021-05-31')",0
"('K04033', 425.0, '2021-02-10')",0
"('K04033', 425.0, '2021-02-18')",0
"('K04033', 425.0, '2021-05-30')",0
"('K04033', 425.0, '2021-05-13')",0
"('K04033', 425.0, '2021-05-10')",0
"('K04033', 426.0, '2021-03-10')",0
"('K04033', 426.0, '2021-04-10')",0
"('K04033', 426.0, '2021-05-24')",0
"('K04033', 426.0, '2021-05-31')",0
"('K04033', 426.0, '2021-02-10')",0
"('K04033', 426.0, '2021-02-18')",0
"('K04033', 426.0, '2021-05-30')",0
"('K04033', 426.0, '2021-05-13')",0
"('K04033', 426.0, '2021-05-10')",0
"('K04033', 433.0, '2021-03-10')",0
"('K04033', 433.0, '2021-04-10')",0
"('K04033', 433.0, '2021-05-24')",0
"('K04033', 433.0, '2021-05-31')",0
"('K04033', 433.0, '2021-02-10')",0
"('K04033', 433.0, '2021-02-18')",0
"('K04033', 433.0, '2021-05-30')",0
"('K04033', 433.0, '2021-05-13')",0
"('K04033', 433.0, '2021-05-10')",0
"('K04033', 434.0, '2021-03-10')",0
"('K04033', 434.0, '2021-04-10')",0
"('K04033', 434.0, '2021-05-24')",0
"('K04033', 434.0, '2021-05-31')",0
"('K04033', 434.0, '2021-02-10')",0
"('K04033', 434.0, '2021-02-18')",0
"('K04033', 434.0, '2021-05-30')",0
"('K04033', 434.0, '2021-05-13')",17
"('K04033', 434.0, '2021-05-10')",0
"('K04033', 435.0, '2021-03-10')",0
"('K04033', 435.0, '2021-04-10')",0
"('K04033', 435.0, '2021-05-24')",0
"('K04033', 435.0, '2021-05-31')",0
"('K04033', 435.0, '2021-02-10')",0
"('K04033', 435.0, '2021-02-18')",0
"('K04033', 435.0, '2021-05-30')",0
"('K04033', 435.0, '2021-05-13')",48
"('K04033', 435.0, '2021-05-10')",0
"('K04033', 436.0, '2021-03-10')",0
"('K04033', 436.0, '2021-04-10')",0
"('K04033', 436.0, '2021-05-24')",0
"('K04033', 436.0, '2021-05-31')",0
"('K04033', 436.0, '2021-02-10')",0
"('K04033', 436.0, '2021-02-18')",0
"('K04033', 436.0, '2021-05-30')",0
"('K04033', 436.0, '2021-05-13')",0
"('K04033', 436.0, '2021-05-10')",0
"('K04033', 438.0, '2021-03-10')",0
"('K04033', 438.0, '2021-04-10')",0
"('K04033', 438.0, '2021-05-24')",0
"('K04033', 438.0, '2021-05-31')",0
"('K04033', 438.0, '2021-02-10')",0
"('K04033', 438.0, '2021-02-18')",0
"('K04033', 438.0, '2021-05-30')",0
"('K04033', 438.0, '2021-05-13')",113
"('K04033', 438.0, '2021-05-10')",0
"('K04033', 439.0, '2021-03-10')",0
"('K04033', 439.0, '2021-04-10')",0
"('K04033', 439.0, '2021-05-24')",0
"('K04033', 439.0, '2021-05-31')",0
"('K04033', 439.0, '2021-02-10')",0
"('K04033', 439.0, '2021-02-18')",0
"('K04033', 439.0, '2021-05-30')",0
"('K04033', 439.0, '2021-05-13')",0
"('K04033', 439.0, '2021-05-10')",0
"('K04033', 440.0, '2021-03-10')",0
"('K04033', 440.0, '2021-04-10')",0
"('K04033', 440.0, '2021-05-24')",0
"('K04033', 440.0, '2021-05-31')",0
"('K04033', 440.0, '2021-02-10')",0
"('K04033', 440.0, '2021-02-18')",0
"('K04033', 440.0, '2021-05-30')",0
"('K04033', 440.0, '2021-05-13')",0
"('K04033', 440.0, '2021-05-10')",0
"('K04101', 404.0, '2021-03-10')",0
"('K04101', 404.0, '2021-04-10')",0
"('K04101', 404.0, '2021-05-24')",0
"('K04101', 404.0, '2021-05-31')",0
"('K04101', 404.0, '2021-02-10')",0
"('K04101', 404.0, '2021-02-18')",0
"('K04101', 404.0, '2021-05-30')",0
"('K04101', 404.0, '2021-05-13')",0
"('K04101', 404.0, '2021-05-10')",0
"('K04101', 405.0, '2021-03-10')",0
"('K04101', 405.0, '2021-04-10')",0
"('K04101', 405.0, '2021-05-24')",0
"('K04101', 405.0, '2021-05-31')",0
"('K04101', 405.0, '2021-02-10')",0
"('K04101', 405.0, '2021-02-18')",0
"('K04101', 405.0, '2021-05-30')",0
"('K04101', 405.0, '2021-05-13')",0
"('K04101', 405.0, '2021-05-10')",0
"('K04101', 407.0, '2021-03-10')",0
"('K04101', 407.0, '2021-04-10')",0
"('K04101', 407.0, '2021-05-24')",0
"('K04101', 407.0, '2021-05-31')",0
"('K04101', 407.0, '2021-02-10')",0
"('K04101', 407.0, '2021-02-18')",0
"('K04101', 407.0, '2021-05-30')",0
"('K04101', 407.0, '2021-05-13')",0
"('K04101', 407.0, '2021-05-10')",0
"('K04101', 408.0, '2021-03-10')",0
"('K04101', 408.0, '2021-04-10')",0
"('K04101', 408.0, '2021-05-24')",0
"('K04101', 408.0, '2021-05-31')",0
"('K04101', 408.0, '2021-02-10')",0
"('K04101', 408.0, '2021-02-18')",0
"('K04101', 408.0, '2021-05-30')",6
"('K04101', 408.0, '2021-05-13')",0
"('K04101', 408.0, '2021-05-10')",0
"('K04101', 409.0, '2021-03-10')",0
"('K04101', 409.0, '2021-04-10')",0
"('K04101', 409.0, '2021-05-24')",0
"('K04101', 409.0, '2021-05-31')",0
"('K04101', 409.0, '2021-02-10')",0
"('K04101', 409.0, '2021-02-18')",0
"('K04101', 409.0, '2021-05-30')",8
"('K04101', 409.0, '2021-05-13')",0
"('K04101', 409.0, '2021-05-10')",0
"('K04101', 410.0, '2021-03-10')",0
"('K04101', 410.0, '2021-04-10')",0
"('K04101', 410.0, '2021-05-24')",0
"('K04101', 410.0, '2021-05-31')",0
"('K04101', 410.0, '2021-02-10')",0
"('K04101', 410.0, '2021-02-18')",0
"('K04101', 410.0, '2021-05-30')",0
"('K04101', 410.0, '2021-05-13')",0
"('K04101', 410.0, '2021-05-10')",0
"('K04101', 412.0, '2021-03-10')",0
"('K04101', 412.0, '2021-04-10')",0
"('K04101', 412.0, '2021-05-24')",0
"('K04101', 412.0, '2021-05-31')",0
"('K04101', 412.0, '2021-02-10')",0
"('K04101', 412.0, '2021-02-18')",0
"('K04101', 412.0, '2021-05-30')",0
"('K04101', 412.0, '2021-05-13')",0
"('K04101', 412.0, '2021-05-10')",0
"('K04101', 416.0, '2021-03-10')",0
"('K04101', 416.0, '2021-04-10')",0
"('K04101', 416.0, '2021-05-24')",0
"('K04101', 416.0, '2021-05-31')",0
"('K04101', 416.0, '2021-02-10')",0
"('K04101', 416.0, '2021-02-18')",0
"('K04101', 416.0, '2021-05-30')",13
"('K04101', 416.0, '2021-05-13')",0
"('K04101', 416.0, '2021-05-10')",0
"('K04101', 421.0, '2021-03-10')",0
"('K04101', 421.0, '2021-04-10')",0
"('K04101', 421.0, '2021-05-24')",0
"('K04101', 421.0, '2021-05-31')",0
"('K04101', 421.0, '2021-02-10')",0
"('K04101', 421.0, '2021-02-18')",0
"('K04101', 421.0, '2021-05-30')",0
"('K04101', 421.0, '2021-05-13')",0
"('K04101', 421.0, '2021-05-10')",0
"('K04101', 422.0, '2021-03-10')",0
"('K04101', 422.0, '2021-04-10')",0
"('K04101', 422.0, '2021-05-24')",0
"('K04101', 422.0, '2021-05-31')",0
"('K04101', 422.0, '2021-02-10')",0
"('K04101', 422.0, '2021-02-18')",0
"('K04101', 422.0, '2021-05-30')",0
"('K04101', 422.0, '2021-05-13')",0
"('K04101', 422.0, '2021-05-10')",0
"('K04101', 424.0, '2021-03-10')",0
"('K04101', 424.0, '2021-04-10')",0
"('K04101', 424.0, '2021-05-24')",0
"('K04101', 424.0, '2021-05-31')",0
"('K04101', 424.0, '2021-02-10')",0
"('K04101', 424.0, '2021-02-18')",0
"('K04101', 424.0, '2021-05-30')",4
"('K04101', 424.0, '2021-05-13')",0
"('K04101', 424.0, '2021-05-10')",0
"('K04101', 425.0, '2021-03-10')",0
"('K04101', 425.0, '2021-04-10')",0
"('K04101', 425.0, '2021-05-24')",0
"('K04101', 425.0, '2021-05-31')",0
"('K04101', 425.0, '2021-02-10')",0
"('K04101', 425.0, '2021-02-18')",0
"('K04101', 425.0, '2021-05-30')",11
"('K04101', 425.0, '2021-05-13')",0
"('K04101', 425.0, '2021-05-10')",0
"('K04101', 426.0, '2021-03-10')",0
"('K04101', 426.0, '2021-04-10')",0
"('K04101', 426.0, '2021-05-24')",0
"('K04101', 426.0, '2021-05-31')",0
"('K04101', 426.0, '2021-02-10')",0
"('K04101', 426.0, '2021-02-18')",0
"('K04101', 426.0, '2021-05-30')",1
"('K04101', 426.0, '2021-05-13')",0
"('K04101', 426.0, '2021-05-10')",0
"('K04101', 433.0, '2021-03-10')",0
"('K04101', 433.0, '2021-04-10')",0
"('K04101', 433.0, '2021-05-24')",0
"('K04101', 433.0, '2021-05-31')",0
"('K04101', 433.0, '2021-02-10')",0
"('K04101', 433.0, '2021-02-18')",0
"('K04101', 433.0, '2021-05-30')",0
"('K04101', 433.0, '2021-05-13')",0
"('K04101', 433.0, '2021-05-10')",0
"('K04101', 434.0, '2021-03-10')",0
"('K04101', 434.0, '2021-04-10')",0
"('K04101', 434.0, '2021-05-24')",0
"('K04101', 434.0, '2021-05-31')",0
"('K04101', 434.0, '2021-02-10')",0
"('K04101', 434.0, '2021-02-18')",0
"('K04101', 434.0, '2021-05-30')",0
"('K04101', 434.0, '2021-05-13')",0
"('K04101', 434.0, '2021-05-10')",0
"('K04101', 435.0, '2021-03-10')",0
"('K04101', 435.0, '2021-04-10')",0
"('K04101', 435.0, '2021-05-24')",0
"('K04101', 435.0, '2021-05-31')",0
"('K04101', 435.0, '2021-02-10')",0
"('K04101', 435.0, '2021-02-18')",0
"('K04101', 435.0, '2021-05-30')",0
"('K04101', 435.0, '2021-05-13')",0
"('K04101', 435.0, '2021-05-10')",0
"('K04101', 436.0, '2021-03-10')",0
"('K04101', 436.0, '2021-04-10')",0
"('K04101', 436.0, '2021-05-24')",0
"('K04101', 436.0, '2021-05-31')",0
"('K04101', 436.0, '2021-02-10')",0
"('K04101', 436.0, '2021-02-18')",0
"('K04101', 436.0, '2021-05-30')",0
"('K04101', 436.0, '2021-05-13')",0
"('K04101', 436.0, '2021-05-10')",0
"('K04101', 438.0, '2021-03-10')",0
"('K04101', 438.0, '2021-04-10')",0
"('K04101', 438.0, '2021-05-24')",0
"('K04101', 438.0, '2021-05-31')",0
"('K04101', 438.0, '2021-02-10')",0
"('K04101', 438.0, '2021-02-18')",0
"('K04101', 438.0, '2021-05-30')",0
"('K04101', 438.0, '2021-05-13')",0
"('K04101', 438.0, '2021-05-10')",0
"('K04101', 439.0, '2021-03-10')",0
"('K04101', 439.0, '2021-04-10')",0
"('K04101', 439.0, '2021-05-24')",0
"('K04101', 439.0, '2021-05-31')",0
"('K04101', 439.0, '2021-02-10')",0
"('K04101', 439.0, '2021-02-18')",0
"('K04101', 439.0, '2021-05-30')",0
"('K04101', 439.0, '2021-05-13')",0
"('K04101', 439.0, '2021-05-10')",0
"('K04101', 440.0, '2021-03-10')",0
"('K04101', 440.0, '2021-04-10')",0
"('K04101', 440.0, '2021-05-24')",0
"('K04101', 440.0, '2021-05-31')",0
"('K04101', 440.0, '2021-02-10')",0
"('K04101', 440.0, '2021-02-18')",0
"('K04101', 440.0, '2021-05-30')",0
"('K04101', 440.0, '2021-05-13')",0
"('K04101', 440.0, '2021-05-10')",0
"('052996', 404.0, '2021-03-10')",0
"('052996', 404.0, '2021-04-10')",0
"('052996', 404.0, '2021-05-24')",0
"('052996', 404.0, '2021-05-31')",0
"('052996', 404.0, '2021-02-10')",0
"('052996', 404.0, '2021-02-18')",0
"('052996', 404.0, '2021-05-30')",0
"('052996', 404.0, '2021-05-13')",0
"('052996', 404.0, '2021-05-10')",0
"('052996', 405.0, '2021-03-10')",0
"('052996', 405.0, '2021-04-10')",0
"('052996', 405.0, '2021-05-24')",0
"('052996', 405.0, '2021-05-31')",0
"('052996', 405.0, '2021-02-10')",0
"('052996', 405.0, '2021-02-18')",0
"('052996', 405.0, '2021-05-30')",0
"('052996', 405.0, '2021-05-13')",0
"('052996', 405.0, '2021-05-10')",0
"('052996', 407.0, '2021-03-10')",0
"('052996', 407.0, '2021-04-10')",0
"('052996', 407.0, '2021-05-24')",0
"('052996', 407.0, '2021-05-31')",0
"('052996', 407.0, '2021-02-10')",0
"('052996', 407.0, '2021-02-18')",0
"('052996', 407.0, '2021-05-30')",0
"('052996', 407.0, '2021-05-13')",0
"('052996', 407.0, '2021-05-10')",0
"('052996', 408.0, '2021-03-10')",0
"('052996', 408.0, '2021-04-10')",0
"('052996', 408.0, '2021-05-24')",0
"('052996', 408.0, '2021-05-31')",0
"('052996', 408.0, '2021-02-10')",0
"('052996', 408.0, '2021-02-18')",0
"('052996', 408.0, '2021-05-30')",0
"('052996', 408.0, '2021-05-13')",0
"('052996', 408.0, '2021-05-10')",0
"('052996', 409.0, '2021-03-10')",0
"('052996', 409.0, '2021-04-10')",0
"('052996', 409.0, '2021-05-24')",0
"('052996', 409.0, '2021-05-31')",0
"('052996', 409.0, '2021-02-10')",0
"('052996', 409.0, '2021-02-18')",0
"('052996', 409.0, '2021-05-30')",0
"('052996', 409.0, '2021-05-13')",0
"('052996', 409.0, '2021-05-10')",0
"('052996', 410.0, '2021-03-10')",0
"('052996', 410.0, '2021-04-10')",0
"('052996', 410.0, '2021-05-24')",0
"('052996', 410.0, '2021-05-31')",0
"('052996', 410.0, '2021-02-10')",0
"('052996', 410.0, '2021-02-18')",1
"('052996', 410.0, '2021-05-30')",1
"('052996', 410.0, '2021-05-13')",0
"('052996', 410.0, '2021-05-10')",0
"('052996', 412.0, '2021-03-10')",0
"('052996', 412.0, '2021-04-10')",0
"('052996', 412.0, '2021-05-24')",0
"('052996', 412.0, '2021-05-31')",0
"('052996', 412.0, '2021-02-10')",0
"('052996', 412.0, '2021-02-18')",0
"('052996', 412.0, '2021-05-30')",0
"('052996', 412.0, '2021-05-13')",0
"('052996', 412.0, '2021-05-10')",0
"('052996', 416.0, '2021-03-10')",0
"('052996', 416.0, '2021-04-10')",0
"('052996', 416.0, '2021-05-24')",0
"('052996', 416.0, '2021-05-31')",0
"('052996', 416.0, '2021-02-10')",0
"('052996', 416.0, '2021-02-18')",0
"('052996', 416.0, '2021-05-30')",0
"('052996', 416.0, '2021-05-13')",0
"('052996', 416.0, '2021-05-10')",0
"('052996', 421.0, '2021-03-10')",0
"('052996', 421.0, '2021-04-10')",0
"('052996', 421.0, '2021-05-24')",0
"('052996', 421.0, '2021-05-31')",0
"('052996', 421.0, '2021-02-10')",0
"('052996', 421.0, '2021-02-18')",1
"('052996', 421.0, '2021-05-30')",1
"('052996', 421.0, '2021-05-13')",0
"('052996', 421.0, '2021-05-10')",0
"('052996', 422.0, '2021-03-10')",0
"('052996', 422.0, '2021-04-10')",0
"('052996', 422.0, '2021-05-24')",0
"('052996', 422.0, '2021-05-31')",0
"('052996', 422.0, '2021-02-10')",0
"('052996', 422.0, '2021-02-18')",0
"('052996', 422.0, '2021-05-30')",0
"('052996', 422.0, '2021-05-13')",0
"('052996', 422.0, '2021-05-10')",0
"('052996', 424.0, '2021-03-10')",0
"('052996', 424.0, '2021-04-10')",0
"('052996', 424.0, '2021-05-24')",0
"('052996', 424.0, '2021-05-31')",0
"('052996', 424.0, '2021-02-10')",0
"('052996', 424.0, '2021-02-18')",0
"('052996', 424.0, '2021-05-30')",0
"('052996', 424.0, '2021-05-13')",0
"('052996', 424.0, '2021-05-10')",0
"('052996', 425.0, '2021-03-10')",0
"('052996', 425.0, '2021-04-10')",0
"('052996', 425.0, '2021-05-24')",0
"('052996', 425.0, '2021-05-31')",0
"('052996', 425.0, '2021-02-10')",0
"('052996', 425.0, '2021-02-18')",0
"('052996', 425.0, '2021-05-30')",0
"('052996', 425.0, '2021-05-13')",0
"('052996', 425.0, '2021-05-10')",0
"('052996', 426.0, '2021-03-10')",0
"('052996', 426.0, '2021-04-10')",0
"('052996', 426.0, '2021-05-24')",0
"('052996', 426.0, '2021-05-31')",0
"('052996', 426.0, '2021-02-10')",0
"('052996', 426.0, '2021-02-18')",0
"('052996', 426.0, '2021-05-30')",0
"('052996', 426.0, '2021-05-13')",0
"('052996', 426.0, '2021-05-10')",0
"('052996', 433.0, '2021-03-10')",0
"('052996', 433.0, '2021-04-10')",0
"('052996', 433.0, '2021-05-24')",0
"('052996', 433.0, '2021-05-31')",0
"('052996', 433.0, '2021-02-10')",0
"('052996', 433.0, '2021-02-18')",0
"('052996', 433.0, '2021-05-30')",0
"('052996', 433.0, '2021-05-13')",0
"('052996', 433.0, '2021-05-10')",0
"('052996', 434.0, '2021-03-10')",0
"('052996', 434.0, '2021-04-10')",0
"('052996', 434.0, '2021-05-24')",0
"('052996', 434.0, '2021-05-31')",0
"('052996', 434.0, '2021-02-10')",0
"('052996', 434.0, '2021-02-18')",0
"('052996', 434.0, '2021-05-30')",0
"('052996', 434.0, '2021-05-13')",0
"('052996', 434.0, '2021-05-10')",0
"('052996', 435.0, '2021-03-10')",0
"('052996', 435.0, '2021-04-10')",0
"('052996', 435.0, '2021-05-24')",0
"('052996', 435.0, '2021-05-31')",0
"('052996', 435.0, '2021-02-10')",0
"('052996', 435.0, '2021-02-18')",0
"('052996', 435.0, '2021-05-30')",0
"('052996', 435.0, '2021-05-13')",0
"('052996', 435.0, '2021-05-10')",0
"('052996', 436.0, '2021-03-10')",0
"('052996', 436.0, '2021-04-10')",0
"('052996', 436.0, '2021-05-24')",0
"('052996', 436.0, '2021-05-31')",0
"('052996', 436.0, '2021-02-10')",0
"('052996', 436.0, '2021-02-18')",0
"('052996', 436.0, '2021-05-30')",0
"('052996', 436.0, '2021-05-13')",0
"('052996', 436.0, '2021-05-10')",0
"('052996', 438.0, '2021-03-10')",0
"('052996', 438.0, '2021-04-10')",0
"('052996', 438.0, '2021-05-24')",0
"('052996', 438.0, '2021-05-31')",0
"('052996', 438.0, '2021-02-10')",0
"('052996', 438.0, '2021-02-18')",0
"('052996', 438.0, '2021-05-30')",0
"('052996', 438.0, '2021-05-13')",0
"('052996', 438.0, '2021-05-10')",0
"('052996', 439.0, '2021-03-10')",0
"('052996', 439.0, '2021-04-10')",0
"('052996', 439.0, '2021-05-24')",0
"('052996', 439.0, '2021-05-31')",0
"('052996', 439.0, '2021-02-10')",0
"('052996', 439.0, '2021-02-18')",0
"('052996', 439.0, '2021-05-30')",0
"('052996', 439.0, '2021-05-13')",0
"('052996', 439.0, '2021-05-10')",0
"('052996', 440.0, '2021-03-10')",0
"('052996', 440.0, '2021-04-10')",0
"('052996', 440.0, '2021-05-24')",0
"('052996', 440.0, '2021-05-31')",0
"('052996', 440.0, '2021-02-10')",0
"('052996', 440.0, '2021-02-18')",0
"('052996', 440.0, '2021-05-30')",0
"('052996', 440.0, '2021-05-13')",0
"('052996', 440.0, '2021-05-10')",0
