variable,solution
"u_051718,2021-02-10",0.0
"u_051718,2021-02-10",0.0
"u_051718,2021-02-10",0.0
"u_051718,2021-02-10",0.0
"u_051718,2021-02-10",0.0
"u_051718,2021-02-10",0.0
"u_051718,2021-02-10",0.0
"u_051718,2021-02-10",0.0
"u_051718,2021-02-10",0.0
"u_051718,2021-02-10",0.0
"u_051718,2021-02-10",0.0
"u_051718,2021-02-10",0.0
"u_051718,2021-02-10",0.0
"u_051718,2021-02-10",0.0
"u_051718,2021-02-10",0.0
"u_051718,2021-02-10",0.0
"u_051718,2021-02-10",0.0
"u_051718,2021-02-10",0.0
"u_051718,2021-02-10",0.0
"u_051718,2021-02-10",0.0
"u_051718,2021-02-18",0.0
"u_051718,2021-02-18",0.0
"u_051718,2021-02-18",0.0
"u_051718,2021-02-18",0.0
"u_051718,2021-02-18",0.0
"u_051718,2021-02-18",0.0
"u_051718,2021-02-18",0.0
"u_051718,2021-02-18",0.0
"u_051718,2021-02-18",0.0
"u_051718,2021-02-18",0.0
"u_051718,2021-02-18",0.0
"u_051718,2021-02-18",0.0
"u_051718,2021-02-18",0.0
"u_051718,2021-02-18",0.0
"u_051718,2021-02-18",0.0
"u_051718,2021-02-18",0.0
"u_051718,2021-02-18",0.0
"u_051718,2021-02-18",0.0
"u_051718,2021-02-18",0.0
"u_051718,2021-02-18",0.0
"u_051718,2021-03-10",0.0
"u_051718,2021-03-10",0.0
"u_051718,2021-03-10",0.0
"u_051718,2021-03-10",0.0
"u_051718,2021-03-10",0.0
"u_051718,2021-03-10",0.0
"u_051718,2021-03-10",0.0
"u_051718,2021-03-10",0.0
"u_051718,2021-03-10",0.0
"u_051718,2021-03-10",0.0
"u_051718,2021-03-10",0.0
"u_051718,2021-03-10",0.0
"u_051718,2021-03-10",0.0
"u_051718,2021-03-10",0.0
"u_051718,2021-03-10",0.0
"u_051718,2021-03-10",0.0
"u_051718,2021-03-10",0.0
"u_051718,2021-03-10",0.0
"u_051718,2021-03-10",0.0
"u_051718,2021-03-10",0.0
"u_051718,2021-04-10",0.0
"u_051718,2021-04-10",0.0
"u_051718,2021-04-10",0.0
"u_051718,2021-04-10",0.0
"u_051718,2021-04-10",0.0
"u_051718,2021-04-10",0.0
"u_051718,2021-04-10",0.0
"u_051718,2021-04-10",0.0
"u_051718,2021-04-10",0.0
"u_051718,2021-04-10",0.0
"u_051718,2021-04-10",0.0
"u_051718,2021-04-10",0.0
"u_051718,2021-04-10",0.0
"u_051718,2021-04-10",0.0
"u_051718,2021-04-10",0.0
"u_051718,2021-04-10",0.0
"u_051718,2021-04-10",0.0
"u_051718,2021-04-10",0.0
"u_051718,2021-04-10",0.0
"u_051718,2021-04-10",0.0
"u_051718,2021-05-10",0.0
"u_051718,2021-05-10",0.0
"u_051718,2021-05-10",0.0
"u_051718,2021-05-10",0.0
"u_051718,2021-05-10",0.0
"u_051718,2021-05-10",0.0
"u_051718,2021-05-10",0.0
"u_051718,2021-05-10",0.0
"u_051718,2021-05-10",0.0
"u_051718,2021-05-10",0.0
"u_051718,2021-05-10",0.0
"u_051718,2021-05-10",0.0
"u_051718,2021-05-10",0.0
"u_051718,2021-05-10",0.0
"u_051718,2021-05-10",0.0
"u_051718,2021-05-10",0.0
"u_051718,2021-05-10",0.0
"u_051718,2021-05-10",0.0
"u_051718,2021-05-10",0.0
"u_051718,2021-05-10",0.0
"u_051718,2021-05-13",0.0
"u_051718,2021-05-13",0.0
"u_051718,2021-05-13",0.0
"u_051718,2021-05-13",0.0
"u_051718,2021-05-13",0.0
"u_051718,2021-05-13",0.0
"u_051718,2021-05-13",0.0
"u_051718,2021-05-13",0.0
"u_051718,2021-05-13",0.0
"u_051718,2021-05-13",0.0
"u_051718,2021-05-13",0.0
"u_051718,2021-05-13",0.0
"u_051718,2021-05-13",0.0
"u_051718,2021-05-13",0.0
"u_051718,2021-05-13",0.0
"u_051718,2021-05-13",0.0
"u_051718,2021-05-13",0.0
"u_051718,2021-05-13",0.0
"u_051718,2021-05-13",0.0
"u_051718,2021-05-13",0.0
"u_051718,2021-05-24",0.0
"u_051718,2021-05-24",0.0
"u_051718,2021-05-24",0.0
"u_051718,2021-05-24",0.0
"u_051718,2021-05-24",0.0
"u_051718,2021-05-24",0.0
"u_051718,2021-05-24",0.0
"u_051718,2021-05-24",0.0
"u_051718,2021-05-24",0.0
"u_051718,2021-05-24",0.0
"u_051718,2021-05-24",0.0
"u_051718,2021-05-24",0.0
"u_051718,2021-05-24",0.0
"u_051718,2021-05-24",0.0
"u_051718,2021-05-24",0.0
"u_051718,2021-05-24",0.0
"u_051718,2021-05-24",0.0
"u_051718,2021-05-24",0.0
"u_051718,2021-05-24",0.0
"u_051718,2021-05-24",0.0
"u_051718,2021-05-30",19.0
"u_051718,2021-05-30",19.0
"u_051718,2021-05-30",19.0
"u_051718,2021-05-30",19.0
"u_051718,2021-05-30",19.0
"u_051718,2021-05-30",19.0
"u_051718,2021-05-30",19.0
"u_051718,2021-05-30",19.0
"u_051718,2021-05-30",19.0
"u_051718,2021-05-30",19.0
"u_051718,2021-05-30",19.0
"u_051718,2021-05-30",19.0
"u_051718,2021-05-30",19.0
"u_051718,2021-05-30",19.0
"u_051718,2021-05-30",19.0
"u_051718,2021-05-30",19.0
"u_051718,2021-05-30",19.0
"u_051718,2021-05-30",19.0
"u_051718,2021-05-30",19.0
"u_051718,2021-05-30",19.0
"u_051718,2021-05-31",0.0
"u_051718,2021-05-31",0.0
"u_051718,2021-05-31",0.0
"u_051718,2021-05-31",0.0
"u_051718,2021-05-31",0.0
"u_051718,2021-05-31",0.0
"u_051718,2021-05-31",0.0
"u_051718,2021-05-31",0.0
"u_051718,2021-05-31",0.0
"u_051718,2021-05-31",0.0
"u_051718,2021-05-31",0.0
"u_051718,2021-05-31",0.0
"u_051718,2021-05-31",0.0
"u_051718,2021-05-31",0.0
"u_051718,2021-05-31",0.0
"u_051718,2021-05-31",0.0
"u_051718,2021-05-31",0.0
"u_051718,2021-05-31",0.0
"u_051718,2021-05-31",0.0
"u_051718,2021-05-31",0.0
"u_052996,2021-02-10",0.0
"u_052996,2021-02-10",0.0
"u_052996,2021-02-10",0.0
"u_052996,2021-02-10",0.0
"u_052996,2021-02-10",0.0
"u_052996,2021-02-10",0.0
"u_052996,2021-02-10",0.0
"u_052996,2021-02-10",0.0
"u_052996,2021-02-10",0.0
"u_052996,2021-02-10",0.0
"u_052996,2021-02-10",0.0
"u_052996,2021-02-10",0.0
"u_052996,2021-02-10",0.0
"u_052996,2021-02-10",0.0
"u_052996,2021-02-10",0.0
"u_052996,2021-02-10",0.0
"u_052996,2021-02-10",0.0
"u_052996,2021-02-10",0.0
"u_052996,2021-02-10",0.0
"u_052996,2021-02-10",0.0
"u_052996,2021-02-18",2.0
"u_052996,2021-02-18",2.0
"u_052996,2021-02-18",2.0
"u_052996,2021-02-18",2.0
"u_052996,2021-02-18",2.0
"u_052996,2021-02-18",2.0
"u_052996,2021-02-18",2.0
"u_052996,2021-02-18",2.0
"u_052996,2021-02-18",2.0
"u_052996,2021-02-18",2.0
"u_052996,2021-02-18",2.0
"u_052996,2021-02-18",2.0
"u_052996,2021-02-18",2.0
"u_052996,2021-02-18",2.0
"u_052996,2021-02-18",2.0
"u_052996,2021-02-18",2.0
"u_052996,2021-02-18",2.0
"u_052996,2021-02-18",2.0
"u_052996,2021-02-18",2.0
"u_052996,2021-02-18",2.0
"u_052996,2021-03-10",0.0
"u_052996,2021-03-10",0.0
"u_052996,2021-03-10",0.0
"u_052996,2021-03-10",0.0
"u_052996,2021-03-10",0.0
"u_052996,2021-03-10",0.0
"u_052996,2021-03-10",0.0
"u_052996,2021-03-10",0.0
"u_052996,2021-03-10",0.0
"u_052996,2021-03-10",0.0
"u_052996,2021-03-10",0.0
"u_052996,2021-03-10",0.0
"u_052996,2021-03-10",0.0
"u_052996,2021-03-10",0.0
"u_052996,2021-03-10",0.0
"u_052996,2021-03-10",0.0
"u_052996,2021-03-10",0.0
"u_052996,2021-03-10",0.0
"u_052996,2021-03-10",0.0
"u_052996,2021-03-10",0.0
"u_052996,2021-04-10",0.0
"u_052996,2021-04-10",0.0
"u_052996,2021-04-10",0.0
"u_052996,2021-04-10",0.0
"u_052996,2021-04-10",0.0
"u_052996,2021-04-10",0.0
"u_052996,2021-04-10",0.0
"u_052996,2021-04-10",0.0
"u_052996,2021-04-10",0.0
"u_052996,2021-04-10",0.0
"u_052996,2021-04-10",0.0
"u_052996,2021-04-10",0.0
"u_052996,2021-04-10",0.0
"u_052996,2021-04-10",0.0
"u_052996,2021-04-10",0.0
"u_052996,2021-04-10",0.0
"u_052996,2021-04-10",0.0
"u_052996,2021-04-10",0.0
"u_052996,2021-04-10",0.0
"u_052996,2021-04-10",0.0
"u_052996,2021-05-10",0.0
"u_052996,2021-05-10",0.0
"u_052996,2021-05-10",0.0
"u_052996,2021-05-10",0.0
"u_052996,2021-05-10",0.0
"u_052996,2021-05-10",0.0
"u_052996,2021-05-10",0.0
"u_052996,2021-05-10",0.0
"u_052996,2021-05-10",0.0
"u_052996,2021-05-10",0.0
"u_052996,2021-05-10",0.0
"u_052996,2021-05-10",0.0
"u_052996,2021-05-10",0.0
"u_052996,2021-05-10",0.0
"u_052996,2021-05-10",0.0
"u_052996,2021-05-10",0.0
"u_052996,2021-05-10",0.0
"u_052996,2021-05-10",0.0
"u_052996,2021-05-10",0.0
"u_052996,2021-05-10",0.0
"u_052996,2021-05-13",0.0
"u_052996,2021-05-13",0.0
"u_052996,2021-05-13",0.0
"u_052996,2021-05-13",0.0
"u_052996,2021-05-13",0.0
"u_052996,2021-05-13",0.0
"u_052996,2021-05-13",0.0
"u_052996,2021-05-13",0.0
"u_052996,2021-05-13",0.0
"u_052996,2021-05-13",0.0
"u_052996,2021-05-13",0.0
"u_052996,2021-05-13",0.0
"u_052996,2021-05-13",0.0
"u_052996,2021-05-13",0.0
"u_052996,2021-05-13",0.0
"u_052996,2021-05-13",0.0
"u_052996,2021-05-13",0.0
"u_052996,2021-05-13",0.0
"u_052996,2021-05-13",0.0
"u_052996,2021-05-13",0.0
"u_052996,2021-05-24",0.0
"u_052996,2021-05-24",0.0
"u_052996,2021-05-24",0.0
"u_052996,2021-05-24",0.0
"u_052996,2021-05-24",0.0
"u_052996,2021-05-24",0.0
"u_052996,2021-05-24",0.0
"u_052996,2021-05-24",0.0
"u_052996,2021-05-24",0.0
"u_052996,2021-05-24",0.0
"u_052996,2021-05-24",0.0
"u_052996,2021-05-24",0.0
"u_052996,2021-05-24",0.0
"u_052996,2021-05-24",0.0
"u_052996,2021-05-24",0.0
"u_052996,2021-05-24",0.0
"u_052996,2021-05-24",0.0
"u_052996,2021-05-24",0.0
"u_052996,2021-05-24",0.0
"u_052996,2021-05-24",0.0
"u_052996,2021-05-30",2.0
"u_052996,2021-05-30",2.0
"u_052996,2021-05-30",2.0
"u_052996,2021-05-30",2.0
"u_052996,2021-05-30",2.0
"u_052996,2021-05-30",2.0
"u_052996,2021-05-30",2.0
"u_052996,2021-05-30",2.0
"u_052996,2021-05-30",2.0
"u_052996,2021-05-30",2.0
"u_052996,2021-05-30",2.0
"u_052996,2021-05-30",2.0
"u_052996,2021-05-30",2.0
"u_052996,2021-05-30",2.0
"u_052996,2021-05-30",2.0
"u_052996,2021-05-30",2.0
"u_052996,2021-05-30",2.0
"u_052996,2021-05-30",2.0
"u_052996,2021-05-30",2.0
"u_052996,2021-05-30",2.0
"u_052996,2021-05-31",0.0
"u_052996,2021-05-31",0.0
"u_052996,2021-05-31",0.0
"u_052996,2021-05-31",0.0
"u_052996,2021-05-31",0.0
"u_052996,2021-05-31",0.0
"u_052996,2021-05-31",0.0
"u_052996,2021-05-31",0.0
"u_052996,2021-05-31",0.0
"u_052996,2021-05-31",0.0
"u_052996,2021-05-31",0.0
"u_052996,2021-05-31",0.0
"u_052996,2021-05-31",0.0
"u_052996,2021-05-31",0.0
"u_052996,2021-05-31",0.0
"u_052996,2021-05-31",0.0
"u_052996,2021-05-31",0.0
"u_052996,2021-05-31",0.0
"u_052996,2021-05-31",0.0
"u_052996,2021-05-31",0.0
"u_066157,2021-02-10",0.0
"u_066157,2021-02-10",0.0
"u_066157,2021-02-10",0.0
"u_066157,2021-02-10",0.0
"u_066157,2021-02-10",0.0
"u_066157,2021-02-10",0.0
"u_066157,2021-02-10",0.0
"u_066157,2021-02-10",0.0
"u_066157,2021-02-10",0.0
"u_066157,2021-02-10",0.0
"u_066157,2021-02-10",0.0
"u_066157,2021-02-10",0.0
"u_066157,2021-02-10",0.0
"u_066157,2021-02-10",0.0
"u_066157,2021-02-10",0.0
"u_066157,2021-02-10",0.0
"u_066157,2021-02-10",0.0
"u_066157,2021-02-10",0.0
"u_066157,2021-02-10",0.0
"u_066157,2021-02-10",0.0
"u_066157,2021-02-18",0.0
"u_066157,2021-02-18",0.0
"u_066157,2021-02-18",0.0
"u_066157,2021-02-18",0.0
"u_066157,2021-02-18",0.0
"u_066157,2021-02-18",0.0
"u_066157,2021-02-18",0.0
"u_066157,2021-02-18",0.0
"u_066157,2021-02-18",0.0
"u_066157,2021-02-18",0.0
"u_066157,2021-02-18",0.0
"u_066157,2021-02-18",0.0
"u_066157,2021-02-18",0.0
"u_066157,2021-02-18",0.0
"u_066157,2021-02-18",0.0
"u_066157,2021-02-18",0.0
"u_066157,2021-02-18",0.0
"u_066157,2021-02-18",0.0
"u_066157,2021-02-18",0.0
"u_066157,2021-02-18",0.0
"u_066157,2021-03-10",0.0
"u_066157,2021-03-10",0.0
"u_066157,2021-03-10",0.0
"u_066157,2021-03-10",0.0
"u_066157,2021-03-10",0.0
"u_066157,2021-03-10",0.0
"u_066157,2021-03-10",0.0
"u_066157,2021-03-10",0.0
"u_066157,2021-03-10",0.0
"u_066157,2021-03-10",0.0
"u_066157,2021-03-10",0.0
"u_066157,2021-03-10",0.0
"u_066157,2021-03-10",0.0
"u_066157,2021-03-10",0.0
"u_066157,2021-03-10",0.0
"u_066157,2021-03-10",0.0
"u_066157,2021-03-10",0.0
"u_066157,2021-03-10",0.0
"u_066157,2021-03-10",0.0
"u_066157,2021-03-10",0.0
"u_066157,2021-04-10",0.0
"u_066157,2021-04-10",0.0
"u_066157,2021-04-10",0.0
"u_066157,2021-04-10",0.0
"u_066157,2021-04-10",0.0
"u_066157,2021-04-10",0.0
"u_066157,2021-04-10",0.0
"u_066157,2021-04-10",0.0
"u_066157,2021-04-10",0.0
"u_066157,2021-04-10",0.0
"u_066157,2021-04-10",0.0
"u_066157,2021-04-10",0.0
"u_066157,2021-04-10",0.0
"u_066157,2021-04-10",0.0
"u_066157,2021-04-10",0.0
"u_066157,2021-04-10",0.0
"u_066157,2021-04-10",0.0
"u_066157,2021-04-10",0.0
"u_066157,2021-04-10",0.0
"u_066157,2021-04-10",0.0
"u_066157,2021-05-10",0.0
"u_066157,2021-05-10",0.0
"u_066157,2021-05-10",0.0
"u_066157,2021-05-10",0.0
"u_066157,2021-05-10",0.0
"u_066157,2021-05-10",0.0
"u_066157,2021-05-10",0.0
"u_066157,2021-05-10",0.0
"u_066157,2021-05-10",0.0
"u_066157,2021-05-10",0.0
"u_066157,2021-05-10",0.0
"u_066157,2021-05-10",0.0
"u_066157,2021-05-10",0.0
"u_066157,2021-05-10",0.0
"u_066157,2021-05-10",0.0
"u_066157,2021-05-10",0.0
"u_066157,2021-05-10",0.0
"u_066157,2021-05-10",0.0
"u_066157,2021-05-10",0.0
"u_066157,2021-05-10",0.0
"u_066157,2021-05-13",0.0
"u_066157,2021-05-13",0.0
"u_066157,2021-05-13",0.0
"u_066157,2021-05-13",0.0
"u_066157,2021-05-13",0.0
"u_066157,2021-05-13",0.0
"u_066157,2021-05-13",0.0
"u_066157,2021-05-13",0.0
"u_066157,2021-05-13",0.0
"u_066157,2021-05-13",0.0
"u_066157,2021-05-13",0.0
"u_066157,2021-05-13",0.0
"u_066157,2021-05-13",0.0
"u_066157,2021-05-13",0.0
"u_066157,2021-05-13",0.0
"u_066157,2021-05-13",0.0
"u_066157,2021-05-13",0.0
"u_066157,2021-05-13",0.0
"u_066157,2021-05-13",0.0
"u_066157,2021-05-13",0.0
"u_066157,2021-05-24",0.0
"u_066157,2021-05-24",0.0
"u_066157,2021-05-24",0.0
"u_066157,2021-05-24",0.0
"u_066157,2021-05-24",0.0
"u_066157,2021-05-24",0.0
"u_066157,2021-05-24",0.0
"u_066157,2021-05-24",0.0
"u_066157,2021-05-24",0.0
"u_066157,2021-05-24",0.0
"u_066157,2021-05-24",0.0
"u_066157,2021-05-24",0.0
"u_066157,2021-05-24",0.0
"u_066157,2021-05-24",0.0
"u_066157,2021-05-24",0.0
"u_066157,2021-05-24",0.0
"u_066157,2021-05-24",0.0
"u_066157,2021-05-24",0.0
"u_066157,2021-05-24",0.0
"u_066157,2021-05-24",0.0
"u_066157,2021-05-30",0.0
"u_066157,2021-05-30",0.0
"u_066157,2021-05-30",0.0
"u_066157,2021-05-30",0.0
"u_066157,2021-05-30",0.0
"u_066157,2021-05-30",0.0
"u_066157,2021-05-30",0.0
"u_066157,2021-05-30",0.0
"u_066157,2021-05-30",0.0
"u_066157,2021-05-30",0.0
"u_066157,2021-05-30",0.0
"u_066157,2021-05-30",0.0
"u_066157,2021-05-30",0.0
"u_066157,2021-05-30",0.0
"u_066157,2021-05-30",0.0
"u_066157,2021-05-30",0.0
"u_066157,2021-05-30",0.0
"u_066157,2021-05-30",0.0
"u_066157,2021-05-30",0.0
"u_066157,2021-05-30",0.0
"u_066157,2021-05-31",0.0
"u_066157,2021-05-31",0.0
"u_066157,2021-05-31",0.0
"u_066157,2021-05-31",0.0
"u_066157,2021-05-31",0.0
"u_066157,2021-05-31",0.0
"u_066157,2021-05-31",0.0
"u_066157,2021-05-31",0.0
"u_066157,2021-05-31",0.0
"u_066157,2021-05-31",0.0
"u_066157,2021-05-31",0.0
"u_066157,2021-05-31",0.0
"u_066157,2021-05-31",0.0
"u_066157,2021-05-31",0.0
"u_066157,2021-05-31",0.0
"u_066157,2021-05-31",0.0
"u_066157,2021-05-31",0.0
"u_066157,2021-05-31",0.0
"u_066157,2021-05-31",0.0
"u_066157,2021-05-31",0.0
"u_K04031,2021-02-10",0.0
"u_K04031,2021-02-10",0.0
"u_K04031,2021-02-10",0.0
"u_K04031,2021-02-10",0.0
"u_K04031,2021-02-10",0.0
"u_K04031,2021-02-10",0.0
"u_K04031,2021-02-10",0.0
"u_K04031,2021-02-10",0.0
"u_K04031,2021-02-10",0.0
"u_K04031,2021-02-10",0.0
"u_K04031,2021-02-10",0.0
"u_K04031,2021-02-10",0.0
"u_K04031,2021-02-10",0.0
"u_K04031,2021-02-10",0.0
"u_K04031,2021-02-10",0.0
"u_K04031,2021-02-10",0.0
"u_K04031,2021-02-10",0.0
"u_K04031,2021-02-10",0.0
"u_K04031,2021-02-10",0.0
"u_K04031,2021-02-10",0.0
"u_K04031,2021-02-18",0.0
"u_K04031,2021-02-18",0.0
"u_K04031,2021-02-18",0.0
"u_K04031,2021-02-18",0.0
"u_K04031,2021-02-18",0.0
"u_K04031,2021-02-18",0.0
"u_K04031,2021-02-18",0.0
"u_K04031,2021-02-18",0.0
"u_K04031,2021-02-18",0.0
"u_K04031,2021-02-18",0.0
"u_K04031,2021-02-18",0.0
"u_K04031,2021-02-18",0.0
"u_K04031,2021-02-18",0.0
"u_K04031,2021-02-18",0.0
"u_K04031,2021-02-18",0.0
"u_K04031,2021-02-18",0.0
"u_K04031,2021-02-18",0.0
"u_K04031,2021-02-18",0.0
"u_K04031,2021-02-18",0.0
"u_K04031,2021-02-18",0.0
"u_K04031,2021-03-10",0.0
"u_K04031,2021-03-10",0.0
"u_K04031,2021-03-10",0.0
"u_K04031,2021-03-10",0.0
"u_K04031,2021-03-10",0.0
"u_K04031,2021-03-10",0.0
"u_K04031,2021-03-10",0.0
"u_K04031,2021-03-10",0.0
"u_K04031,2021-03-10",0.0
"u_K04031,2021-03-10",0.0
"u_K04031,2021-03-10",0.0
"u_K04031,2021-03-10",0.0
"u_K04031,2021-03-10",0.0
"u_K04031,2021-03-10",0.0
"u_K04031,2021-03-10",0.0
"u_K04031,2021-03-10",0.0
"u_K04031,2021-03-10",0.0
"u_K04031,2021-03-10",0.0
"u_K04031,2021-03-10",0.0
"u_K04031,2021-03-10",0.0
"u_K04031,2021-04-10",0.0
"u_K04031,2021-04-10",0.0
"u_K04031,2021-04-10",0.0
"u_K04031,2021-04-10",0.0
"u_K04031,2021-04-10",0.0
"u_K04031,2021-04-10",0.0
"u_K04031,2021-04-10",0.0
"u_K04031,2021-04-10",0.0
"u_K04031,2021-04-10",0.0
"u_K04031,2021-04-10",0.0
"u_K04031,2021-04-10",0.0
"u_K04031,2021-04-10",0.0
"u_K04031,2021-04-10",0.0
"u_K04031,2021-04-10",0.0
"u_K04031,2021-04-10",0.0
"u_K04031,2021-04-10",0.0
"u_K04031,2021-04-10",0.0
"u_K04031,2021-04-10",0.0
"u_K04031,2021-04-10",0.0
"u_K04031,2021-04-10",0.0
"u_K04031,2021-05-10",0.0
"u_K04031,2021-05-10",0.0
"u_K04031,2021-05-10",0.0
"u_K04031,2021-05-10",0.0
"u_K04031,2021-05-10",0.0
"u_K04031,2021-05-10",0.0
"u_K04031,2021-05-10",0.0
"u_K04031,2021-05-10",0.0
"u_K04031,2021-05-10",0.0
"u_K04031,2021-05-10",0.0
"u_K04031,2021-05-10",0.0
"u_K04031,2021-05-10",0.0
"u_K04031,2021-05-10",0.0
"u_K04031,2021-05-10",0.0
"u_K04031,2021-05-10",0.0
"u_K04031,2021-05-10",0.0
"u_K04031,2021-05-10",0.0
"u_K04031,2021-05-10",0.0
"u_K04031,2021-05-10",0.0
"u_K04031,2021-05-10",0.0
"u_K04031,2021-05-13",0.0
"u_K04031,2021-05-13",0.0
"u_K04031,2021-05-13",0.0
"u_K04031,2021-05-13",0.0
"u_K04031,2021-05-13",0.0
"u_K04031,2021-05-13",0.0
"u_K04031,2021-05-13",0.0
"u_K04031,2021-05-13",0.0
"u_K04031,2021-05-13",0.0
"u_K04031,2021-05-13",0.0
"u_K04031,2021-05-13",0.0
"u_K04031,2021-05-13",0.0
"u_K04031,2021-05-13",0.0
"u_K04031,2021-05-13",0.0
"u_K04031,2021-05-13",0.0
"u_K04031,2021-05-13",0.0
"u_K04031,2021-05-13",0.0
"u_K04031,2021-05-13",0.0
"u_K04031,2021-05-13",0.0
"u_K04031,2021-05-13",0.0
"u_K04031,2021-05-24",0.0
"u_K04031,2021-05-24",0.0
"u_K04031,2021-05-24",0.0
"u_K04031,2021-05-24",0.0
"u_K04031,2021-05-24",0.0
"u_K04031,2021-05-24",0.0
"u_K04031,2021-05-24",0.0
"u_K04031,2021-05-24",0.0
"u_K04031,2021-05-24",0.0
"u_K04031,2021-05-24",0.0
"u_K04031,2021-05-24",0.0
"u_K04031,2021-05-24",0.0
"u_K04031,2021-05-24",0.0
"u_K04031,2021-05-24",0.0
"u_K04031,2021-05-24",0.0
"u_K04031,2021-05-24",0.0
"u_K04031,2021-05-24",0.0
"u_K04031,2021-05-24",0.0
"u_K04031,2021-05-24",0.0
"u_K04031,2021-05-24",0.0
"u_K04031,2021-05-30",0.0
"u_K04031,2021-05-30",0.0
"u_K04031,2021-05-30",0.0
"u_K04031,2021-05-30",0.0
"u_K04031,2021-05-30",0.0
"u_K04031,2021-05-30",0.0
"u_K04031,2021-05-30",0.0
"u_K04031,2021-05-30",0.0
"u_K04031,2021-05-30",0.0
"u_K04031,2021-05-30",0.0
"u_K04031,2021-05-30",0.0
"u_K04031,2021-05-30",0.0
"u_K04031,2021-05-30",0.0
"u_K04031,2021-05-30",0.0
"u_K04031,2021-05-30",0.0
"u_K04031,2021-05-30",0.0
"u_K04031,2021-05-30",0.0
"u_K04031,2021-05-30",0.0
"u_K04031,2021-05-30",0.0
"u_K04031,2021-05-30",0.0
"u_K04031,2021-05-31",0.0
"u_K04031,2021-05-31",0.0
"u_K04031,2021-05-31",0.0
"u_K04031,2021-05-31",0.0
"u_K04031,2021-05-31",0.0
"u_K04031,2021-05-31",0.0
"u_K04031,2021-05-31",0.0
"u_K04031,2021-05-31",0.0
"u_K04031,2021-05-31",0.0
"u_K04031,2021-05-31",0.0
"u_K04031,2021-05-31",0.0
"u_K04031,2021-05-31",0.0
"u_K04031,2021-05-31",0.0
"u_K04031,2021-05-31",0.0
"u_K04031,2021-05-31",0.0
"u_K04031,2021-05-31",0.0
"u_K04031,2021-05-31",0.0
"u_K04031,2021-05-31",0.0
"u_K04031,2021-05-31",0.0
"u_K04031,2021-05-31",0.0
"u_K04033,2021-02-10",0.0
"u_K04033,2021-02-10",0.0
"u_K04033,2021-02-10",0.0
"u_K04033,2021-02-10",0.0
"u_K04033,2021-02-10",0.0
"u_K04033,2021-02-10",0.0
"u_K04033,2021-02-10",0.0
"u_K04033,2021-02-10",0.0
"u_K04033,2021-02-10",0.0
"u_K04033,2021-02-10",0.0
"u_K04033,2021-02-10",0.0
"u_K04033,2021-02-10",0.0
"u_K04033,2021-02-10",0.0
"u_K04033,2021-02-10",0.0
"u_K04033,2021-02-10",0.0
"u_K04033,2021-02-10",0.0
"u_K04033,2021-02-10",0.0
"u_K04033,2021-02-10",0.0
"u_K04033,2021-02-10",0.0
"u_K04033,2021-02-10",0.0
"u_K04033,2021-02-18",0.0
"u_K04033,2021-02-18",0.0
"u_K04033,2021-02-18",0.0
"u_K04033,2021-02-18",0.0
"u_K04033,2021-02-18",0.0
"u_K04033,2021-02-18",0.0
"u_K04033,2021-02-18",0.0
"u_K04033,2021-02-18",0.0
"u_K04033,2021-02-18",0.0
"u_K04033,2021-02-18",0.0
"u_K04033,2021-02-18",0.0
"u_K04033,2021-02-18",0.0
"u_K04033,2021-02-18",0.0
"u_K04033,2021-02-18",0.0
"u_K04033,2021-02-18",0.0
"u_K04033,2021-02-18",0.0
"u_K04033,2021-02-18",0.0
"u_K04033,2021-02-18",0.0
"u_K04033,2021-02-18",0.0
"u_K04033,2021-02-18",0.0
"u_K04033,2021-03-10",0.0
"u_K04033,2021-03-10",0.0
"u_K04033,2021-03-10",0.0
"u_K04033,2021-03-10",0.0
"u_K04033,2021-03-10",0.0
"u_K04033,2021-03-10",0.0
"u_K04033,2021-03-10",0.0
"u_K04033,2021-03-10",0.0
"u_K04033,2021-03-10",0.0
"u_K04033,2021-03-10",0.0
"u_K04033,2021-03-10",0.0
"u_K04033,2021-03-10",0.0
"u_K04033,2021-03-10",0.0
"u_K04033,2021-03-10",0.0
"u_K04033,2021-03-10",0.0
"u_K04033,2021-03-10",0.0
"u_K04033,2021-03-10",0.0
"u_K04033,2021-03-10",0.0
"u_K04033,2021-03-10",0.0
"u_K04033,2021-03-10",0.0
"u_K04033,2021-04-10",0.0
"u_K04033,2021-04-10",0.0
"u_K04033,2021-04-10",0.0
"u_K04033,2021-04-10",0.0
"u_K04033,2021-04-10",0.0
"u_K04033,2021-04-10",0.0
"u_K04033,2021-04-10",0.0
"u_K04033,2021-04-10",0.0
"u_K04033,2021-04-10",0.0
"u_K04033,2021-04-10",0.0
"u_K04033,2021-04-10",0.0
"u_K04033,2021-04-10",0.0
"u_K04033,2021-04-10",0.0
"u_K04033,2021-04-10",0.0
"u_K04033,2021-04-10",0.0
"u_K04033,2021-04-10",0.0
"u_K04033,2021-04-10",0.0
"u_K04033,2021-04-10",0.0
"u_K04033,2021-04-10",0.0
"u_K04033,2021-04-10",0.0
"u_K04033,2021-05-10",0.0
"u_K04033,2021-05-10",0.0
"u_K04033,2021-05-10",0.0
"u_K04033,2021-05-10",0.0
"u_K04033,2021-05-10",0.0
"u_K04033,2021-05-10",0.0
"u_K04033,2021-05-10",0.0
"u_K04033,2021-05-10",0.0
"u_K04033,2021-05-10",0.0
"u_K04033,2021-05-10",0.0
"u_K04033,2021-05-10",0.0
"u_K04033,2021-05-10",0.0
"u_K04033,2021-05-10",0.0
"u_K04033,2021-05-10",0.0
"u_K04033,2021-05-10",0.0
"u_K04033,2021-05-10",0.0
"u_K04033,2021-05-10",0.0
"u_K04033,2021-05-10",0.0
"u_K04033,2021-05-10",0.0
"u_K04033,2021-05-10",0.0
"u_K04033,2021-05-13",0.0
"u_K04033,2021-05-13",0.0
"u_K04033,2021-05-13",0.0
"u_K04033,2021-05-13",0.0
"u_K04033,2021-05-13",0.0
"u_K04033,2021-05-13",0.0
"u_K04033,2021-05-13",0.0
"u_K04033,2021-05-13",0.0
"u_K04033,2021-05-13",0.0
"u_K04033,2021-05-13",0.0
"u_K04033,2021-05-13",0.0
"u_K04033,2021-05-13",0.0
"u_K04033,2021-05-13",0.0
"u_K04033,2021-05-13",0.0
"u_K04033,2021-05-13",0.0
"u_K04033,2021-05-13",0.0
"u_K04033,2021-05-13",0.0
"u_K04033,2021-05-13",0.0
"u_K04033,2021-05-13",0.0
"u_K04033,2021-05-13",0.0
"u_K04033,2021-05-24",0.0
"u_K04033,2021-05-24",0.0
"u_K04033,2021-05-24",0.0
"u_K04033,2021-05-24",0.0
"u_K04033,2021-05-24",0.0
"u_K04033,2021-05-24",0.0
"u_K04033,2021-05-24",0.0
"u_K04033,2021-05-24",0.0
"u_K04033,2021-05-24",0.0
"u_K04033,2021-05-24",0.0
"u_K04033,2021-05-24",0.0
"u_K04033,2021-05-24",0.0
"u_K04033,2021-05-24",0.0
"u_K04033,2021-05-24",0.0
"u_K04033,2021-05-24",0.0
"u_K04033,2021-05-24",0.0
"u_K04033,2021-05-24",0.0
"u_K04033,2021-05-24",0.0
"u_K04033,2021-05-24",0.0
"u_K04033,2021-05-24",0.0
"u_K04033,2021-05-30",0.0
"u_K04033,2021-05-30",0.0
"u_K04033,2021-05-30",0.0
"u_K04033,2021-05-30",0.0
"u_K04033,2021-05-30",0.0
"u_K04033,2021-05-30",0.0
"u_K04033,2021-05-30",0.0
"u_K04033,2021-05-30",0.0
"u_K04033,2021-05-30",0.0
"u_K04033,2021-05-30",0.0
"u_K04033,2021-05-30",0.0
"u_K04033,2021-05-30",0.0
"u_K04033,2021-05-30",0.0
"u_K04033,2021-05-30",0.0
"u_K04033,2021-05-30",0.0
"u_K04033,2021-05-30",0.0
"u_K04033,2021-05-30",0.0
"u_K04033,2021-05-30",0.0
"u_K04033,2021-05-30",0.0
"u_K04033,2021-05-30",0.0
"u_K04033,2021-05-31",0.0
"u_K04033,2021-05-31",0.0
"u_K04033,2021-05-31",0.0
"u_K04033,2021-05-31",0.0
"u_K04033,2021-05-31",0.0
"u_K04033,2021-05-31",0.0
"u_K04033,2021-05-31",0.0
"u_K04033,2021-05-31",0.0
"u_K04033,2021-05-31",0.0
"u_K04033,2021-05-31",0.0
"u_K04033,2021-05-31",0.0
"u_K04033,2021-05-31",0.0
"u_K04033,2021-05-31",0.0
"u_K04033,2021-05-31",0.0
"u_K04033,2021-05-31",0.0
"u_K04033,2021-05-31",0.0
"u_K04033,2021-05-31",0.0
"u_K04033,2021-05-31",0.0
"u_K04033,2021-05-31",0.0
"u_K04033,2021-05-31",0.0
"u_K04101,2021-02-10",0.0
"u_K04101,2021-02-10",0.0
"u_K04101,2021-02-10",0.0
"u_K04101,2021-02-10",0.0
"u_K04101,2021-02-10",0.0
"u_K04101,2021-02-10",0.0
"u_K04101,2021-02-10",0.0
"u_K04101,2021-02-10",0.0
"u_K04101,2021-02-10",0.0
"u_K04101,2021-02-10",0.0
"u_K04101,2021-02-10",0.0
"u_K04101,2021-02-10",0.0
"u_K04101,2021-02-10",0.0
"u_K04101,2021-02-10",0.0
"u_K04101,2021-02-10",0.0
"u_K04101,2021-02-10",0.0
"u_K04101,2021-02-10",0.0
"u_K04101,2021-02-10",0.0
"u_K04101,2021-02-10",0.0
"u_K04101,2021-02-10",0.0
"u_K04101,2021-02-18",0.0
"u_K04101,2021-02-18",0.0
"u_K04101,2021-02-18",0.0
"u_K04101,2021-02-18",0.0
"u_K04101,2021-02-18",0.0
"u_K04101,2021-02-18",0.0
"u_K04101,2021-02-18",0.0
"u_K04101,2021-02-18",0.0
"u_K04101,2021-02-18",0.0
"u_K04101,2021-02-18",0.0
"u_K04101,2021-02-18",0.0
"u_K04101,2021-02-18",0.0
"u_K04101,2021-02-18",0.0
"u_K04101,2021-02-18",0.0
"u_K04101,2021-02-18",0.0
"u_K04101,2021-02-18",0.0
"u_K04101,2021-02-18",0.0
"u_K04101,2021-02-18",0.0
"u_K04101,2021-02-18",0.0
"u_K04101,2021-02-18",0.0
"u_K04101,2021-03-10",0.0
"u_K04101,2021-03-10",0.0
"u_K04101,2021-03-10",0.0
"u_K04101,2021-03-10",0.0
"u_K04101,2021-03-10",0.0
"u_K04101,2021-03-10",0.0
"u_K04101,2021-03-10",0.0
"u_K04101,2021-03-10",0.0
"u_K04101,2021-03-10",0.0
"u_K04101,2021-03-10",0.0
"u_K04101,2021-03-10",0.0
"u_K04101,2021-03-10",0.0
"u_K04101,2021-03-10",0.0
"u_K04101,2021-03-10",0.0
"u_K04101,2021-03-10",0.0
"u_K04101,2021-03-10",0.0
"u_K04101,2021-03-10",0.0
"u_K04101,2021-03-10",0.0
"u_K04101,2021-03-10",0.0
"u_K04101,2021-03-10",0.0
"u_K04101,2021-04-10",0.0
"u_K04101,2021-04-10",0.0
"u_K04101,2021-04-10",0.0
"u_K04101,2021-04-10",0.0
"u_K04101,2021-04-10",0.0
"u_K04101,2021-04-10",0.0
"u_K04101,2021-04-10",0.0
"u_K04101,2021-04-10",0.0
"u_K04101,2021-04-10",0.0
"u_K04101,2021-04-10",0.0
"u_K04101,2021-04-10",0.0
"u_K04101,2021-04-10",0.0
"u_K04101,2021-04-10",0.0
"u_K04101,2021-04-10",0.0
"u_K04101,2021-04-10",0.0
"u_K04101,2021-04-10",0.0
"u_K04101,2021-04-10",0.0
"u_K04101,2021-04-10",0.0
"u_K04101,2021-04-10",0.0
"u_K04101,2021-04-10",0.0
"u_K04101,2021-05-10",0.0
"u_K04101,2021-05-10",0.0
"u_K04101,2021-05-10",0.0
"u_K04101,2021-05-10",0.0
"u_K04101,2021-05-10",0.0
"u_K04101,2021-05-10",0.0
"u_K04101,2021-05-10",0.0
"u_K04101,2021-05-10",0.0
"u_K04101,2021-05-10",0.0
"u_K04101,2021-05-10",0.0
"u_K04101,2021-05-10",0.0
"u_K04101,2021-05-10",0.0
"u_K04101,2021-05-10",0.0
"u_K04101,2021-05-10",0.0
"u_K04101,2021-05-10",0.0
"u_K04101,2021-05-10",0.0
"u_K04101,2021-05-10",0.0
"u_K04101,2021-05-10",0.0
"u_K04101,2021-05-10",0.0
"u_K04101,2021-05-10",0.0
"u_K04101,2021-05-13",0.0
"u_K04101,2021-05-13",0.0
"u_K04101,2021-05-13",0.0
"u_K04101,2021-05-13",0.0
"u_K04101,2021-05-13",0.0
"u_K04101,2021-05-13",0.0
"u_K04101,2021-05-13",0.0
"u_K04101,2021-05-13",0.0
"u_K04101,2021-05-13",0.0
"u_K04101,2021-05-13",0.0
"u_K04101,2021-05-13",0.0
"u_K04101,2021-05-13",0.0
"u_K04101,2021-05-13",0.0
"u_K04101,2021-05-13",0.0
"u_K04101,2021-05-13",0.0
"u_K04101,2021-05-13",0.0
"u_K04101,2021-05-13",0.0
"u_K04101,2021-05-13",0.0
"u_K04101,2021-05-13",0.0
"u_K04101,2021-05-13",0.0
"u_K04101,2021-05-24",0.0
"u_K04101,2021-05-24",0.0
"u_K04101,2021-05-24",0.0
"u_K04101,2021-05-24",0.0
"u_K04101,2021-05-24",0.0
"u_K04101,2021-05-24",0.0
"u_K04101,2021-05-24",0.0
"u_K04101,2021-05-24",0.0
"u_K04101,2021-05-24",0.0
"u_K04101,2021-05-24",0.0
"u_K04101,2021-05-24",0.0
"u_K04101,2021-05-24",0.0
"u_K04101,2021-05-24",0.0
"u_K04101,2021-05-24",0.0
"u_K04101,2021-05-24",0.0
"u_K04101,2021-05-24",0.0
"u_K04101,2021-05-24",0.0
"u_K04101,2021-05-24",0.0
"u_K04101,2021-05-24",0.0
"u_K04101,2021-05-24",0.0
"u_K04101,2021-05-30",0.0
"u_K04101,2021-05-30",0.0
"u_K04101,2021-05-30",0.0
"u_K04101,2021-05-30",0.0
"u_K04101,2021-05-30",0.0
"u_K04101,2021-05-30",0.0
"u_K04101,2021-05-30",0.0
"u_K04101,2021-05-30",0.0
"u_K04101,2021-05-30",0.0
"u_K04101,2021-05-30",0.0
"u_K04101,2021-05-30",0.0
"u_K04101,2021-05-30",0.0
"u_K04101,2021-05-30",0.0
"u_K04101,2021-05-30",0.0
"u_K04101,2021-05-30",0.0
"u_K04101,2021-05-30",0.0
"u_K04101,2021-05-30",0.0
"u_K04101,2021-05-30",0.0
"u_K04101,2021-05-30",0.0
"u_K04101,2021-05-30",0.0
"u_K04101,2021-05-31",0.0
"u_K04101,2021-05-31",0.0
"u_K04101,2021-05-31",0.0
"u_K04101,2021-05-31",0.0
"u_K04101,2021-05-31",0.0
"u_K04101,2021-05-31",0.0
"u_K04101,2021-05-31",0.0
"u_K04101,2021-05-31",0.0
"u_K04101,2021-05-31",0.0
"u_K04101,2021-05-31",0.0
"u_K04101,2021-05-31",0.0
"u_K04101,2021-05-31",0.0
"u_K04101,2021-05-31",0.0
"u_K04101,2021-05-31",0.0
"u_K04101,2021-05-31",0.0
"u_K04101,2021-05-31",0.0
"u_K04101,2021-05-31",0.0
"u_K04101,2021-05-31",0.0
"u_K04101,2021-05-31",0.0
"u_K04101,2021-05-31",0.0
"u_S00271,2021-02-10",0.0
"u_S00271,2021-02-10",0.0
"u_S00271,2021-02-10",0.0
"u_S00271,2021-02-10",0.0
"u_S00271,2021-02-10",0.0
"u_S00271,2021-02-10",0.0
"u_S00271,2021-02-10",0.0
"u_S00271,2021-02-10",0.0
"u_S00271,2021-02-10",0.0
"u_S00271,2021-02-10",0.0
"u_S00271,2021-02-10",0.0
"u_S00271,2021-02-10",0.0
"u_S00271,2021-02-10",0.0
"u_S00271,2021-02-10",0.0
"u_S00271,2021-02-10",0.0
"u_S00271,2021-02-10",0.0
"u_S00271,2021-02-10",0.0
"u_S00271,2021-02-10",0.0
"u_S00271,2021-02-10",0.0
"u_S00271,2021-02-10",0.0
"u_S00271,2021-02-18",0.0
"u_S00271,2021-02-18",0.0
"u_S00271,2021-02-18",0.0
"u_S00271,2021-02-18",0.0
"u_S00271,2021-02-18",0.0
"u_S00271,2021-02-18",0.0
"u_S00271,2021-02-18",0.0
"u_S00271,2021-02-18",0.0
"u_S00271,2021-02-18",0.0
"u_S00271,2021-02-18",0.0
"u_S00271,2021-02-18",0.0
"u_S00271,2021-02-18",0.0
"u_S00271,2021-02-18",0.0
"u_S00271,2021-02-18",0.0
"u_S00271,2021-02-18",0.0
"u_S00271,2021-02-18",0.0
"u_S00271,2021-02-18",0.0
"u_S00271,2021-02-18",0.0
"u_S00271,2021-02-18",0.0
"u_S00271,2021-02-18",0.0
"u_S00271,2021-03-10",0.0
"u_S00271,2021-03-10",0.0
"u_S00271,2021-03-10",0.0
"u_S00271,2021-03-10",0.0
"u_S00271,2021-03-10",0.0
"u_S00271,2021-03-10",0.0
"u_S00271,2021-03-10",0.0
"u_S00271,2021-03-10",0.0
"u_S00271,2021-03-10",0.0
"u_S00271,2021-03-10",0.0
"u_S00271,2021-03-10",0.0
"u_S00271,2021-03-10",0.0
"u_S00271,2021-03-10",0.0
"u_S00271,2021-03-10",0.0
"u_S00271,2021-03-10",0.0
"u_S00271,2021-03-10",0.0
"u_S00271,2021-03-10",0.0
"u_S00271,2021-03-10",0.0
"u_S00271,2021-03-10",0.0
"u_S00271,2021-03-10",0.0
"u_S00271,2021-04-10",0.0
"u_S00271,2021-04-10",0.0
"u_S00271,2021-04-10",0.0
"u_S00271,2021-04-10",0.0
"u_S00271,2021-04-10",0.0
"u_S00271,2021-04-10",0.0
"u_S00271,2021-04-10",0.0
"u_S00271,2021-04-10",0.0
"u_S00271,2021-04-10",0.0
"u_S00271,2021-04-10",0.0
"u_S00271,2021-04-10",0.0
"u_S00271,2021-04-10",0.0
"u_S00271,2021-04-10",0.0
"u_S00271,2021-04-10",0.0
"u_S00271,2021-04-10",0.0
"u_S00271,2021-04-10",0.0
"u_S00271,2021-04-10",0.0
"u_S00271,2021-04-10",0.0
"u_S00271,2021-04-10",0.0
"u_S00271,2021-04-10",0.0
"u_S00271,2021-05-10",0.0
"u_S00271,2021-05-10",0.0
"u_S00271,2021-05-10",0.0
"u_S00271,2021-05-10",0.0
"u_S00271,2021-05-10",0.0
"u_S00271,2021-05-10",0.0
"u_S00271,2021-05-10",0.0
"u_S00271,2021-05-10",0.0
"u_S00271,2021-05-10",0.0
"u_S00271,2021-05-10",0.0
"u_S00271,2021-05-10",0.0
"u_S00271,2021-05-10",0.0
"u_S00271,2021-05-10",0.0
"u_S00271,2021-05-10",0.0
"u_S00271,2021-05-10",0.0
"u_S00271,2021-05-10",0.0
"u_S00271,2021-05-10",0.0
"u_S00271,2021-05-10",0.0
"u_S00271,2021-05-10",0.0
"u_S00271,2021-05-10",0.0
"u_S00271,2021-05-13",0.0
"u_S00271,2021-05-13",0.0
"u_S00271,2021-05-13",0.0
"u_S00271,2021-05-13",0.0
"u_S00271,2021-05-13",0.0
"u_S00271,2021-05-13",0.0
"u_S00271,2021-05-13",0.0
"u_S00271,2021-05-13",0.0
"u_S00271,2021-05-13",0.0
"u_S00271,2021-05-13",0.0
"u_S00271,2021-05-13",0.0
"u_S00271,2021-05-13",0.0
"u_S00271,2021-05-13",0.0
"u_S00271,2021-05-13",0.0
"u_S00271,2021-05-13",0.0
"u_S00271,2021-05-13",0.0
"u_S00271,2021-05-13",0.0
"u_S00271,2021-05-13",0.0
"u_S00271,2021-05-13",0.0
"u_S00271,2021-05-13",0.0
"u_S00271,2021-05-24",0.0
"u_S00271,2021-05-24",0.0
"u_S00271,2021-05-24",0.0
"u_S00271,2021-05-24",0.0
"u_S00271,2021-05-24",0.0
"u_S00271,2021-05-24",0.0
"u_S00271,2021-05-24",0.0
"u_S00271,2021-05-24",0.0
"u_S00271,2021-05-24",0.0
"u_S00271,2021-05-24",0.0
"u_S00271,2021-05-24",0.0
"u_S00271,2021-05-24",0.0
"u_S00271,2021-05-24",0.0
"u_S00271,2021-05-24",0.0
"u_S00271,2021-05-24",0.0
"u_S00271,2021-05-24",0.0
"u_S00271,2021-05-24",0.0
"u_S00271,2021-05-24",0.0
"u_S00271,2021-05-24",0.0
"u_S00271,2021-05-24",0.0
"u_S00271,2021-05-30",0.0
"u_S00271,2021-05-30",0.0
"u_S00271,2021-05-30",0.0
"u_S00271,2021-05-30",0.0
"u_S00271,2021-05-30",0.0
"u_S00271,2021-05-30",0.0
"u_S00271,2021-05-30",0.0
"u_S00271,2021-05-30",0.0
"u_S00271,2021-05-30",0.0
"u_S00271,2021-05-30",0.0
"u_S00271,2021-05-30",0.0
"u_S00271,2021-05-30",0.0
"u_S00271,2021-05-30",0.0
"u_S00271,2021-05-30",0.0
"u_S00271,2021-05-30",0.0
"u_S00271,2021-05-30",0.0
"u_S00271,2021-05-30",0.0
"u_S00271,2021-05-30",0.0
"u_S00271,2021-05-30",0.0
"u_S00271,2021-05-30",0.0
"u_S00271,2021-05-31",0.0
"u_S00271,2021-05-31",0.0
"u_S00271,2021-05-31",0.0
"u_S00271,2021-05-31",0.0
"u_S00271,2021-05-31",0.0
"u_S00271,2021-05-31",0.0
"u_S00271,2021-05-31",0.0
"u_S00271,2021-05-31",0.0
"u_S00271,2021-05-31",0.0
"u_S00271,2021-05-31",0.0
"u_S00271,2021-05-31",0.0
"u_S00271,2021-05-31",0.0
"u_S00271,2021-05-31",0.0
"u_S00271,2021-05-31",0.0
"u_S00271,2021-05-31",0.0
"u_S00271,2021-05-31",0.0
"u_S00271,2021-05-31",0.0
"u_S00271,2021-05-31",0.0
"u_S00271,2021-05-31",0.0
"u_S00271,2021-05-31",0.0
"u_S00341,2021-02-10",370.0
"u_S00341,2021-02-10",370.0
"u_S00341,2021-02-10",370.0
"u_S00341,2021-02-10",370.0
"u_S00341,2021-02-10",370.0
"u_S00341,2021-02-10",370.0
"u_S00341,2021-02-10",370.0
"u_S00341,2021-02-10",370.0
"u_S00341,2021-02-10",370.0
"u_S00341,2021-02-10",370.0
"u_S00341,2021-02-10",370.0
"u_S00341,2021-02-10",370.0
"u_S00341,2021-02-10",370.0
"u_S00341,2021-02-10",370.0
"u_S00341,2021-02-10",370.0
"u_S00341,2021-02-10",370.0
"u_S00341,2021-02-10",370.0
"u_S00341,2021-02-10",370.0
"u_S00341,2021-02-10",370.0
"u_S00341,2021-02-10",370.0
"u_S00341,2021-02-18",0.0
"u_S00341,2021-02-18",0.0
"u_S00341,2021-02-18",0.0
"u_S00341,2021-02-18",0.0
"u_S00341,2021-02-18",0.0
"u_S00341,2021-02-18",0.0
"u_S00341,2021-02-18",0.0
"u_S00341,2021-02-18",0.0
"u_S00341,2021-02-18",0.0
"u_S00341,2021-02-18",0.0
"u_S00341,2021-02-18",0.0
"u_S00341,2021-02-18",0.0
"u_S00341,2021-02-18",0.0
"u_S00341,2021-02-18",0.0
"u_S00341,2021-02-18",0.0
"u_S00341,2021-02-18",0.0
"u_S00341,2021-02-18",0.0
"u_S00341,2021-02-18",0.0
"u_S00341,2021-02-18",0.0
"u_S00341,2021-02-18",0.0
"u_S00341,2021-03-10",370.0
"u_S00341,2021-03-10",370.0
"u_S00341,2021-03-10",370.0
"u_S00341,2021-03-10",370.0
"u_S00341,2021-03-10",370.0
"u_S00341,2021-03-10",370.0
"u_S00341,2021-03-10",370.0
"u_S00341,2021-03-10",370.0
"u_S00341,2021-03-10",370.0
"u_S00341,2021-03-10",370.0
"u_S00341,2021-03-10",370.0
"u_S00341,2021-03-10",370.0
"u_S00341,2021-03-10",370.0
"u_S00341,2021-03-10",370.0
"u_S00341,2021-03-10",370.0
"u_S00341,2021-03-10",370.0
"u_S00341,2021-03-10",370.0
"u_S00341,2021-03-10",370.0
"u_S00341,2021-03-10",370.0
"u_S00341,2021-03-10",370.0
"u_S00341,2021-04-10",370.0
"u_S00341,2021-04-10",370.0
"u_S00341,2021-04-10",370.0
"u_S00341,2021-04-10",370.0
"u_S00341,2021-04-10",370.0
"u_S00341,2021-04-10",370.0
"u_S00341,2021-04-10",370.0
"u_S00341,2021-04-10",370.0
"u_S00341,2021-04-10",370.0
"u_S00341,2021-04-10",370.0
"u_S00341,2021-04-10",370.0
"u_S00341,2021-04-10",370.0
"u_S00341,2021-04-10",370.0
"u_S00341,2021-04-10",370.0
"u_S00341,2021-04-10",370.0
"u_S00341,2021-04-10",370.0
"u_S00341,2021-04-10",370.0
"u_S00341,2021-04-10",370.0
"u_S00341,2021-04-10",370.0
"u_S00341,2021-04-10",370.0
"u_S00341,2021-05-10",268.0
"u_S00341,2021-05-10",268.0
"u_S00341,2021-05-10",268.0
"u_S00341,2021-05-10",268.0
"u_S00341,2021-05-10",268.0
"u_S00341,2021-05-10",268.0
"u_S00341,2021-05-10",268.0
"u_S00341,2021-05-10",268.0
"u_S00341,2021-05-10",268.0
"u_S00341,2021-05-10",268.0
"u_S00341,2021-05-10",268.0
"u_S00341,2021-05-10",268.0
"u_S00341,2021-05-10",268.0
"u_S00341,2021-05-10",268.0
"u_S00341,2021-05-10",268.0
"u_S00341,2021-05-10",268.0
"u_S00341,2021-05-10",268.0
"u_S00341,2021-05-10",268.0
"u_S00341,2021-05-10",268.0
"u_S00341,2021-05-10",268.0
"u_S00341,2021-05-13",0.0
"u_S00341,2021-05-13",0.0
"u_S00341,2021-05-13",0.0
"u_S00341,2021-05-13",0.0
"u_S00341,2021-05-13",0.0
"u_S00341,2021-05-13",0.0
"u_S00341,2021-05-13",0.0
"u_S00341,2021-05-13",0.0
"u_S00341,2021-05-13",0.0
"u_S00341,2021-05-13",0.0
"u_S00341,2021-05-13",0.0
"u_S00341,2021-05-13",0.0
"u_S00341,2021-05-13",0.0
"u_S00341,2021-05-13",0.0
"u_S00341,2021-05-13",0.0
"u_S00341,2021-05-13",0.0
"u_S00341,2021-05-13",0.0
"u_S00341,2021-05-13",0.0
"u_S00341,2021-05-13",0.0
"u_S00341,2021-05-13",0.0
"u_S00341,2021-05-24",0.0
"u_S00341,2021-05-24",0.0
"u_S00341,2021-05-24",0.0
"u_S00341,2021-05-24",0.0
"u_S00341,2021-05-24",0.0
"u_S00341,2021-05-24",0.0
"u_S00341,2021-05-24",0.0
"u_S00341,2021-05-24",0.0
"u_S00341,2021-05-24",0.0
"u_S00341,2021-05-24",0.0
"u_S00341,2021-05-24",0.0
"u_S00341,2021-05-24",0.0
"u_S00341,2021-05-24",0.0
"u_S00341,2021-05-24",0.0
"u_S00341,2021-05-24",0.0
"u_S00341,2021-05-24",0.0
"u_S00341,2021-05-24",0.0
"u_S00341,2021-05-24",0.0
"u_S00341,2021-05-24",0.0
"u_S00341,2021-05-24",0.0
"u_S00341,2021-05-30",0.0
"u_S00341,2021-05-30",0.0
"u_S00341,2021-05-30",0.0
"u_S00341,2021-05-30",0.0
"u_S00341,2021-05-30",0.0
"u_S00341,2021-05-30",0.0
"u_S00341,2021-05-30",0.0
"u_S00341,2021-05-30",0.0
"u_S00341,2021-05-30",0.0
"u_S00341,2021-05-30",0.0
"u_S00341,2021-05-30",0.0
"u_S00341,2021-05-30",0.0
"u_S00341,2021-05-30",0.0
"u_S00341,2021-05-30",0.0
"u_S00341,2021-05-30",0.0
"u_S00341,2021-05-30",0.0
"u_S00341,2021-05-30",0.0
"u_S00341,2021-05-30",0.0
"u_S00341,2021-05-30",0.0
"u_S00341,2021-05-30",0.0
"u_S00341,2021-05-31",0.0
"u_S00341,2021-05-31",0.0
"u_S00341,2021-05-31",0.0
"u_S00341,2021-05-31",0.0
"u_S00341,2021-05-31",0.0
"u_S00341,2021-05-31",0.0
"u_S00341,2021-05-31",0.0
"u_S00341,2021-05-31",0.0
"u_S00341,2021-05-31",0.0
"u_S00341,2021-05-31",0.0
"u_S00341,2021-05-31",0.0
"u_S00341,2021-05-31",0.0
"u_S00341,2021-05-31",0.0
"u_S00341,2021-05-31",0.0
"u_S00341,2021-05-31",0.0
"u_S00341,2021-05-31",0.0
"u_S00341,2021-05-31",0.0
"u_S00341,2021-05-31",0.0
"u_S00341,2021-05-31",0.0
"u_S00341,2021-05-31",0.0
"x_051718,404,2021-02-10",0.0
"x_051718,404,2021-02-18",0.0
"x_051718,404,2021-03-10",0.0
"x_051718,404,2021-04-10",0.0
"x_051718,404,2021-05-10",0.0
"x_051718,404,2021-05-13",0.0
"x_051718,404,2021-05-24",0.0
"x_051718,404,2021-05-30",0.0
"x_051718,404,2021-05-31",0.0
"x_051718,405,2021-02-10",0.0
"x_051718,405,2021-02-18",0.0
"x_051718,405,2021-03-10",0.0
"x_051718,405,2021-04-10",0.0
"x_051718,405,2021-05-10",0.0
"x_051718,405,2021-05-13",0.0
"x_051718,405,2021-05-24",0.0
"x_051718,405,2021-05-30",0.0
"x_051718,405,2021-05-31",0.0
"x_051718,407,2021-02-10",0.0
"x_051718,407,2021-02-18",0.0
"x_051718,407,2021-03-10",0.0
"x_051718,407,2021-04-10",0.0
"x_051718,407,2021-05-10",0.0
"x_051718,407,2021-05-13",0.0
"x_051718,407,2021-05-24",0.0
"x_051718,407,2021-05-30",0.0
"x_051718,407,2021-05-31",0.0
"x_051718,408,2021-02-10",0.0
"x_051718,408,2021-02-18",0.0
"x_051718,408,2021-03-10",0.0
"x_051718,408,2021-04-10",0.0
"x_051718,408,2021-05-10",0.0
"x_051718,408,2021-05-13",0.0
"x_051718,408,2021-05-24",0.0
"x_051718,408,2021-05-30",0.0
"x_051718,408,2021-05-31",0.0
"x_051718,409,2021-02-10",0.0
"x_051718,409,2021-02-18",0.0
"x_051718,409,2021-03-10",0.0
"x_051718,409,2021-04-10",0.0
"x_051718,409,2021-05-10",0.0
"x_051718,409,2021-05-13",0.0
"x_051718,409,2021-05-24",0.0
"x_051718,409,2021-05-30",0.0
"x_051718,409,2021-05-31",0.0
"x_051718,410,2021-02-10",0.0
"x_051718,410,2021-02-18",0.0
"x_051718,410,2021-03-10",0.0
"x_051718,410,2021-04-10",0.0
"x_051718,410,2021-05-10",0.0
"x_051718,410,2021-05-13",0.0
"x_051718,410,2021-05-24",0.0
"x_051718,410,2021-05-30",0.0
"x_051718,410,2021-05-31",0.0
"x_051718,412,2021-02-10",0.0
"x_051718,412,2021-02-18",0.0
"x_051718,412,2021-03-10",0.0
"x_051718,412,2021-04-10",0.0
"x_051718,412,2021-05-10",0.0
"x_051718,412,2021-05-13",0.0
"x_051718,412,2021-05-24",0.0
"x_051718,412,2021-05-30",0.0
"x_051718,412,2021-05-31",0.0
"x_051718,416,2021-02-10",0.0
"x_051718,416,2021-02-18",0.0
"x_051718,416,2021-03-10",0.0
"x_051718,416,2021-04-10",0.0
"x_051718,416,2021-05-10",0.0
"x_051718,416,2021-05-13",0.0
"x_051718,416,2021-05-24",0.0
"x_051718,416,2021-05-30",0.0
"x_051718,416,2021-05-31",0.0
"x_051718,421,2021-02-10",0.0
"x_051718,421,2021-02-18",0.0
"x_051718,421,2021-03-10",0.0
"x_051718,421,2021-04-10",0.0
"x_051718,421,2021-05-10",0.0
"x_051718,421,2021-05-13",0.0
"x_051718,421,2021-05-24",0.0
"x_051718,421,2021-05-30",0.0
"x_051718,421,2021-05-31",0.0
"x_051718,422,2021-02-10",0.0
"x_051718,422,2021-02-18",0.0
"x_051718,422,2021-03-10",0.0
"x_051718,422,2021-04-10",0.0
"x_051718,422,2021-05-10",0.0
"x_051718,422,2021-05-13",0.0
"x_051718,422,2021-05-24",0.0
"x_051718,422,2021-05-30",0.0
"x_051718,422,2021-05-31",0.0
"x_051718,424,2021-02-10",0.0
"x_051718,424,2021-02-18",0.0
"x_051718,424,2021-03-10",0.0
"x_051718,424,2021-04-10",0.0
"x_051718,424,2021-05-10",0.0
"x_051718,424,2021-05-13",0.0
"x_051718,424,2021-05-24",0.0
"x_051718,424,2021-05-30",0.0
"x_051718,424,2021-05-31",0.0
"x_051718,425,2021-02-10",0.0
"x_051718,425,2021-02-18",0.0
"x_051718,425,2021-03-10",0.0
"x_051718,425,2021-04-10",0.0
"x_051718,425,2021-05-10",0.0
"x_051718,425,2021-05-13",0.0
"x_051718,425,2021-05-24",0.0
"x_051718,425,2021-05-30",0.0
"x_051718,425,2021-05-31",0.0
"x_051718,426,2021-02-10",0.0
"x_051718,426,2021-02-18",0.0
"x_051718,426,2021-03-10",0.0
"x_051718,426,2021-04-10",0.0
"x_051718,426,2021-05-10",0.0
"x_051718,426,2021-05-13",0.0
"x_051718,426,2021-05-24",0.0
"x_051718,426,2021-05-30",0.0
"x_051718,426,2021-05-31",0.0
"x_051718,433,2021-02-10",0.0
"x_051718,433,2021-02-18",0.0
"x_051718,433,2021-03-10",0.0
"x_051718,433,2021-04-10",0.0
"x_051718,433,2021-05-10",0.0
"x_051718,433,2021-05-13",0.0
"x_051718,433,2021-05-24",0.0
"x_051718,433,2021-05-30",0.0
"x_051718,433,2021-05-31",0.0
"x_051718,434,2021-02-10",0.0
"x_051718,434,2021-02-18",0.0
"x_051718,434,2021-03-10",0.0
"x_051718,434,2021-04-10",0.0
"x_051718,434,2021-05-10",0.0
"x_051718,434,2021-05-13",0.0
"x_051718,434,2021-05-24",0.0
"x_051718,434,2021-05-30",0.0
"x_051718,434,2021-05-31",0.0
"x_051718,435,2021-02-10",0.0
"x_051718,435,2021-02-18",0.0
"x_051718,435,2021-03-10",0.0
"x_051718,435,2021-04-10",0.0
"x_051718,435,2021-05-10",0.0
"x_051718,435,2021-05-13",0.0
"x_051718,435,2021-05-24",0.0
"x_051718,435,2021-05-30",0.0
"x_051718,435,2021-05-31",0.0
"x_051718,436,2021-02-10",0.0
"x_051718,436,2021-02-18",0.0
"x_051718,436,2021-03-10",0.0
"x_051718,436,2021-04-10",0.0
"x_051718,436,2021-05-10",0.0
"x_051718,436,2021-05-13",0.0
"x_051718,436,2021-05-24",0.0
"x_051718,436,2021-05-30",0.0
"x_051718,436,2021-05-31",0.0
"x_051718,438,2021-02-10",0.0
"x_051718,438,2021-02-18",0.0
"x_051718,438,2021-03-10",0.0
"x_051718,438,2021-04-10",0.0
"x_051718,438,2021-05-10",0.0
"x_051718,438,2021-05-13",0.0
"x_051718,438,2021-05-24",0.0
"x_051718,438,2021-05-30",0.0
"x_051718,438,2021-05-31",0.0
"x_051718,439,2021-02-10",0.0
"x_051718,439,2021-02-18",0.0
"x_051718,439,2021-03-10",0.0
"x_051718,439,2021-04-10",0.0
"x_051718,439,2021-05-10",0.0
"x_051718,439,2021-05-13",0.0
"x_051718,439,2021-05-24",0.0
"x_051718,439,2021-05-30",0.0
"x_051718,439,2021-05-31",0.0
"x_051718,440,2021-02-10",0.0
"x_051718,440,2021-02-18",0.0
"x_051718,440,2021-03-10",0.0
"x_051718,440,2021-04-10",0.0
"x_051718,440,2021-05-10",0.0
"x_051718,440,2021-05-13",0.0
"x_051718,440,2021-05-24",0.0
"x_051718,440,2021-05-30",0.0
"x_051718,440,2021-05-31",0.0
"x_052996,404,2021-02-10",0.0
"x_052996,404,2021-02-18",0.0
"x_052996,404,2021-03-10",0.0
"x_052996,404,2021-04-10",0.0
"x_052996,404,2021-05-10",0.0
"x_052996,404,2021-05-13",0.0
"x_052996,404,2021-05-24",0.0
"x_052996,404,2021-05-30",0.0
"x_052996,404,2021-05-31",0.0
"x_052996,405,2021-02-10",0.0
"x_052996,405,2021-02-18",0.0
"x_052996,405,2021-03-10",0.0
"x_052996,405,2021-04-10",0.0
"x_052996,405,2021-05-10",0.0
"x_052996,405,2021-05-13",0.0
"x_052996,405,2021-05-24",0.0
"x_052996,405,2021-05-30",0.0
"x_052996,405,2021-05-31",0.0
"x_052996,407,2021-02-10",0.0
"x_052996,407,2021-02-18",0.0
"x_052996,407,2021-03-10",0.0
"x_052996,407,2021-04-10",0.0
"x_052996,407,2021-05-10",0.0
"x_052996,407,2021-05-13",0.0
"x_052996,407,2021-05-24",0.0
"x_052996,407,2021-05-30",0.0
"x_052996,407,2021-05-31",0.0
"x_052996,408,2021-02-10",0.0
"x_052996,408,2021-02-18",0.0
"x_052996,408,2021-03-10",0.0
"x_052996,408,2021-04-10",0.0
"x_052996,408,2021-05-10",0.0
"x_052996,408,2021-05-13",0.0
"x_052996,408,2021-05-24",0.0
"x_052996,408,2021-05-30",0.0
"x_052996,408,2021-05-31",0.0
"x_052996,409,2021-02-10",0.0
"x_052996,409,2021-02-18",0.0
"x_052996,409,2021-03-10",0.0
"x_052996,409,2021-04-10",0.0
"x_052996,409,2021-05-10",0.0
"x_052996,409,2021-05-13",0.0
"x_052996,409,2021-05-24",0.0
"x_052996,409,2021-05-30",0.0
"x_052996,409,2021-05-31",0.0
"x_052996,410,2021-02-10",0.0
"x_052996,410,2021-02-18",0.0
"x_052996,410,2021-03-10",0.0
"x_052996,410,2021-04-10",0.0
"x_052996,410,2021-05-10",0.0
"x_052996,410,2021-05-13",0.0
"x_052996,410,2021-05-24",0.0
"x_052996,410,2021-05-30",0.0
"x_052996,410,2021-05-31",0.0
"x_052996,412,2021-02-10",0.0
"x_052996,412,2021-02-18",0.0
"x_052996,412,2021-03-10",0.0
"x_052996,412,2021-04-10",0.0
"x_052996,412,2021-05-10",0.0
"x_052996,412,2021-05-13",0.0
"x_052996,412,2021-05-24",0.0
"x_052996,412,2021-05-30",0.0
"x_052996,412,2021-05-31",0.0
"x_052996,416,2021-02-10",0.0
"x_052996,416,2021-02-18",0.0
"x_052996,416,2021-03-10",0.0
"x_052996,416,2021-04-10",0.0
"x_052996,416,2021-05-10",0.0
"x_052996,416,2021-05-13",0.0
"x_052996,416,2021-05-24",0.0
"x_052996,416,2021-05-30",0.0
"x_052996,416,2021-05-31",0.0
"x_052996,421,2021-02-10",0.0
"x_052996,421,2021-02-18",0.0
"x_052996,421,2021-03-10",0.0
"x_052996,421,2021-04-10",0.0
"x_052996,421,2021-05-10",0.0
"x_052996,421,2021-05-13",0.0
"x_052996,421,2021-05-24",0.0
"x_052996,421,2021-05-30",0.0
"x_052996,421,2021-05-31",0.0
"x_052996,422,2021-02-10",0.0
"x_052996,422,2021-02-18",0.0
"x_052996,422,2021-03-10",0.0
"x_052996,422,2021-04-10",0.0
"x_052996,422,2021-05-10",0.0
"x_052996,422,2021-05-13",0.0
"x_052996,422,2021-05-24",0.0
"x_052996,422,2021-05-30",0.0
"x_052996,422,2021-05-31",0.0
"x_052996,424,2021-02-10",0.0
"x_052996,424,2021-02-18",0.0
"x_052996,424,2021-03-10",0.0
"x_052996,424,2021-04-10",0.0
"x_052996,424,2021-05-10",0.0
"x_052996,424,2021-05-13",0.0
"x_052996,424,2021-05-24",0.0
"x_052996,424,2021-05-30",0.0
"x_052996,424,2021-05-31",0.0
"x_052996,425,2021-02-10",0.0
"x_052996,425,2021-02-18",0.0
"x_052996,425,2021-03-10",0.0
"x_052996,425,2021-04-10",0.0
"x_052996,425,2021-05-10",0.0
"x_052996,425,2021-05-13",0.0
"x_052996,425,2021-05-24",0.0
"x_052996,425,2021-05-30",0.0
"x_052996,425,2021-05-31",0.0
"x_052996,426,2021-02-10",0.0
"x_052996,426,2021-02-18",0.0
"x_052996,426,2021-03-10",0.0
"x_052996,426,2021-04-10",0.0
"x_052996,426,2021-05-10",0.0
"x_052996,426,2021-05-13",0.0
"x_052996,426,2021-05-24",0.0
"x_052996,426,2021-05-30",0.0
"x_052996,426,2021-05-31",0.0
"x_052996,433,2021-02-10",0.0
"x_052996,433,2021-02-18",0.0
"x_052996,433,2021-03-10",0.0
"x_052996,433,2021-04-10",0.0
"x_052996,433,2021-05-10",0.0
"x_052996,433,2021-05-13",0.0
"x_052996,433,2021-05-24",0.0
"x_052996,433,2021-05-30",0.0
"x_052996,433,2021-05-31",0.0
"x_052996,434,2021-02-10",0.0
"x_052996,434,2021-02-18",0.0
"x_052996,434,2021-03-10",0.0
"x_052996,434,2021-04-10",0.0
"x_052996,434,2021-05-10",0.0
"x_052996,434,2021-05-13",0.0
"x_052996,434,2021-05-24",0.0
"x_052996,434,2021-05-30",0.0
"x_052996,434,2021-05-31",0.0
"x_052996,435,2021-02-10",0.0
"x_052996,435,2021-02-18",0.0
"x_052996,435,2021-03-10",0.0
"x_052996,435,2021-04-10",0.0
"x_052996,435,2021-05-10",0.0
"x_052996,435,2021-05-13",0.0
"x_052996,435,2021-05-24",0.0
"x_052996,435,2021-05-30",0.0
"x_052996,435,2021-05-31",0.0
"x_052996,436,2021-02-10",0.0
"x_052996,436,2021-02-18",0.0
"x_052996,436,2021-03-10",0.0
"x_052996,436,2021-04-10",0.0
"x_052996,436,2021-05-10",0.0
"x_052996,436,2021-05-13",0.0
"x_052996,436,2021-05-24",0.0
"x_052996,436,2021-05-30",0.0
"x_052996,436,2021-05-31",0.0
"x_052996,438,2021-02-10",0.0
"x_052996,438,2021-02-18",0.0
"x_052996,438,2021-03-10",0.0
"x_052996,438,2021-04-10",0.0
"x_052996,438,2021-05-10",0.0
"x_052996,438,2021-05-13",0.0
"x_052996,438,2021-05-24",0.0
"x_052996,438,2021-05-30",0.0
"x_052996,438,2021-05-31",0.0
"x_052996,439,2021-02-10",0.0
"x_052996,439,2021-02-18",0.0
"x_052996,439,2021-03-10",0.0
"x_052996,439,2021-04-10",0.0
"x_052996,439,2021-05-10",0.0
"x_052996,439,2021-05-13",0.0
"x_052996,439,2021-05-24",0.0
"x_052996,439,2021-05-30",0.0
"x_052996,439,2021-05-31",0.0
"x_052996,440,2021-02-10",0.0
"x_052996,440,2021-02-18",0.0
"x_052996,440,2021-03-10",0.0
"x_052996,440,2021-04-10",0.0
"x_052996,440,2021-05-10",0.0
"x_052996,440,2021-05-13",0.0
"x_052996,440,2021-05-24",0.0
"x_052996,440,2021-05-30",0.0
"x_052996,440,2021-05-31",0.0
"x_066157,404,2021-02-10",0.0
"x_066157,404,2021-02-18",0.0
"x_066157,404,2021-03-10",0.0
"x_066157,404,2021-04-10",0.0
"x_066157,404,2021-05-10",0.0
"x_066157,404,2021-05-13",0.0
"x_066157,404,2021-05-24",0.0
"x_066157,404,2021-05-30",0.0
"x_066157,404,2021-05-31",0.0
"x_066157,405,2021-02-10",0.0
"x_066157,405,2021-02-18",0.0
"x_066157,405,2021-03-10",0.0
"x_066157,405,2021-04-10",0.0
"x_066157,405,2021-05-10",0.0
"x_066157,405,2021-05-13",0.0
"x_066157,405,2021-05-24",0.0
"x_066157,405,2021-05-30",0.0
"x_066157,405,2021-05-31",0.0
"x_066157,407,2021-02-10",0.0
"x_066157,407,2021-02-18",0.0
"x_066157,407,2021-03-10",0.0
"x_066157,407,2021-04-10",0.0
"x_066157,407,2021-05-10",0.0
"x_066157,407,2021-05-13",0.0
"x_066157,407,2021-05-24",0.0
"x_066157,407,2021-05-30",0.0
"x_066157,407,2021-05-31",0.0
"x_066157,408,2021-02-10",0.0
"x_066157,408,2021-02-18",0.0
"x_066157,408,2021-03-10",0.0
"x_066157,408,2021-04-10",0.0
"x_066157,408,2021-05-10",0.0
"x_066157,408,2021-05-13",130.0
"x_066157,408,2021-05-24",0.0
"x_066157,408,2021-05-30",0.0
"x_066157,408,2021-05-31",0.0
"x_066157,409,2021-02-10",0.0
"x_066157,409,2021-02-18",0.0
"x_066157,409,2021-03-10",0.0
"x_066157,409,2021-04-10",0.0
"x_066157,409,2021-05-10",0.0
"x_066157,409,2021-05-13",78.0
"x_066157,409,2021-05-24",0.0
"x_066157,409,2021-05-30",0.0
"x_066157,409,2021-05-31",0.0
"x_066157,410,2021-02-10",0.0
"x_066157,410,2021-02-18",0.0
"x_066157,410,2021-03-10",0.0
"x_066157,410,2021-04-10",0.0
"x_066157,410,2021-05-10",0.0
"x_066157,410,2021-05-13",0.0
"x_066157,410,2021-05-24",0.0
"x_066157,410,2021-05-30",0.0
"x_066157,410,2021-05-31",0.0
"x_066157,412,2021-02-10",0.0
"x_066157,412,2021-02-18",0.0
"x_066157,412,2021-03-10",0.0
"x_066157,412,2021-04-10",0.0
"x_066157,412,2021-05-10",0.0
"x_066157,412,2021-05-13",0.0
"x_066157,412,2021-05-24",0.0
"x_066157,412,2021-05-30",0.0
"x_066157,412,2021-05-31",0.0
"x_066157,416,2021-02-10",0.0
"x_066157,416,2021-02-18",0.0
"x_066157,416,2021-03-10",0.0
"x_066157,416,2021-04-10",0.0
"x_066157,416,2021-05-10",0.0
"x_066157,416,2021-05-13",0.0
"x_066157,416,2021-05-24",0.0
"x_066157,416,2021-05-30",0.0
"x_066157,416,2021-05-31",0.0
"x_066157,421,2021-02-10",0.0
"x_066157,421,2021-02-18",0.0
"x_066157,421,2021-03-10",0.0
"x_066157,421,2021-04-10",0.0
"x_066157,421,2021-05-10",0.0
"x_066157,421,2021-05-13",0.0
"x_066157,421,2021-05-24",0.0
"x_066157,421,2021-05-30",0.0
"x_066157,421,2021-05-31",0.0
"x_066157,422,2021-02-10",0.0
"x_066157,422,2021-02-18",0.0
"x_066157,422,2021-03-10",0.0
"x_066157,422,2021-04-10",0.0
"x_066157,422,2021-05-10",0.0
"x_066157,422,2021-05-13",0.0
"x_066157,422,2021-05-24",0.0
"x_066157,422,2021-05-30",0.0
"x_066157,422,2021-05-31",0.0
"x_066157,424,2021-02-10",0.0
"x_066157,424,2021-02-18",0.0
"x_066157,424,2021-03-10",0.0
"x_066157,424,2021-04-10",0.0
"x_066157,424,2021-05-10",0.0
"x_066157,424,2021-05-13",0.0
"x_066157,424,2021-05-24",0.0
"x_066157,424,2021-05-30",0.0
"x_066157,424,2021-05-31",0.0
"x_066157,425,2021-02-10",0.0
"x_066157,425,2021-02-18",0.0
"x_066157,425,2021-03-10",0.0
"x_066157,425,2021-04-10",0.0
"x_066157,425,2021-05-10",0.0
"x_066157,425,2021-05-13",0.0
"x_066157,425,2021-05-24",0.0
"x_066157,425,2021-05-30",0.0
"x_066157,425,2021-05-31",0.0
"x_066157,426,2021-02-10",0.0
"x_066157,426,2021-02-18",0.0
"x_066157,426,2021-03-10",0.0
"x_066157,426,2021-04-10",0.0
"x_066157,426,2021-05-10",0.0
"x_066157,426,2021-05-13",0.0
"x_066157,426,2021-05-24",0.0
"x_066157,426,2021-05-30",0.0
"x_066157,426,2021-05-31",0.0
"x_066157,433,2021-02-10",0.0
"x_066157,433,2021-02-18",0.0
"x_066157,433,2021-03-10",0.0
"x_066157,433,2021-04-10",0.0
"x_066157,433,2021-05-10",0.0
"x_066157,433,2021-05-13",0.0
"x_066157,433,2021-05-24",0.0
"x_066157,433,2021-05-30",0.0
"x_066157,433,2021-05-31",0.0
"x_066157,434,2021-02-10",0.0
"x_066157,434,2021-02-18",0.0
"x_066157,434,2021-03-10",0.0
"x_066157,434,2021-04-10",0.0
"x_066157,434,2021-05-10",0.0
"x_066157,434,2021-05-13",0.0
"x_066157,434,2021-05-24",0.0
"x_066157,434,2021-05-30",0.0
"x_066157,434,2021-05-31",0.0
"x_066157,435,2021-02-10",0.0
"x_066157,435,2021-02-18",0.0
"x_066157,435,2021-03-10",0.0
"x_066157,435,2021-04-10",0.0
"x_066157,435,2021-05-10",0.0
"x_066157,435,2021-05-13",0.0
"x_066157,435,2021-05-24",0.0
"x_066157,435,2021-05-30",0.0
"x_066157,435,2021-05-31",0.0
"x_066157,436,2021-02-10",0.0
"x_066157,436,2021-02-18",0.0
"x_066157,436,2021-03-10",0.0
"x_066157,436,2021-04-10",0.0
"x_066157,436,2021-05-10",0.0
"x_066157,436,2021-05-13",0.0
"x_066157,436,2021-05-24",0.0
"x_066157,436,2021-05-30",0.0
"x_066157,436,2021-05-31",0.0
"x_066157,438,2021-02-10",0.0
"x_066157,438,2021-02-18",0.0
"x_066157,438,2021-03-10",0.0
"x_066157,438,2021-04-10",0.0
"x_066157,438,2021-05-10",0.0
"x_066157,438,2021-05-13",0.0
"x_066157,438,2021-05-24",0.0
"x_066157,438,2021-05-30",0.0
"x_066157,438,2021-05-31",0.0
"x_066157,439,2021-02-10",0.0
"x_066157,439,2021-02-18",0.0
"x_066157,439,2021-03-10",0.0
"x_066157,439,2021-04-10",0.0
"x_066157,439,2021-05-10",0.0
"x_066157,439,2021-05-13",0.0
"x_066157,439,2021-05-24",0.0
"x_066157,439,2021-05-30",0.0
"x_066157,439,2021-05-31",0.0
"x_066157,440,2021-02-10",0.0
"x_066157,440,2021-02-18",0.0
"x_066157,440,2021-03-10",0.0
"x_066157,440,2021-04-10",0.0
"x_066157,440,2021-05-10",0.0
"x_066157,440,2021-05-13",0.0
"x_066157,440,2021-05-24",0.0
"x_066157,440,2021-05-30",0.0
"x_066157,440,2021-05-31",0.0
"x_K04031,404,2021-02-10",0.0
"x_K04031,404,2021-02-18",0.0
"x_K04031,404,2021-03-10",0.0
"x_K04031,404,2021-04-10",0.0
"x_K04031,404,2021-05-10",0.0
"x_K04031,404,2021-05-13",0.0
"x_K04031,404,2021-05-24",0.0
"x_K04031,404,2021-05-30",0.0
"x_K04031,404,2021-05-31",0.0
"x_K04031,405,2021-02-10",0.0
"x_K04031,405,2021-02-18",0.0
"x_K04031,405,2021-03-10",0.0
"x_K04031,405,2021-04-10",0.0
"x_K04031,405,2021-05-10",0.0
"x_K04031,405,2021-05-13",0.0
"x_K04031,405,2021-05-24",0.0
"x_K04031,405,2021-05-30",0.0
"x_K04031,405,2021-05-31",0.0
"x_K04031,407,2021-02-10",0.0
"x_K04031,407,2021-02-18",0.0
"x_K04031,407,2021-03-10",0.0
"x_K04031,407,2021-04-10",0.0
"x_K04031,407,2021-05-10",0.0
"x_K04031,407,2021-05-13",0.0
"x_K04031,407,2021-05-24",123.0
"x_K04031,407,2021-05-30",0.0
"x_K04031,407,2021-05-31",0.0
"x_K04031,408,2021-02-10",0.0
"x_K04031,408,2021-02-18",0.0
"x_K04031,408,2021-03-10",0.0
"x_K04031,408,2021-04-10",0.0
"x_K04031,408,2021-05-10",0.0
"x_K04031,408,2021-05-13",0.0
"x_K04031,408,2021-05-24",0.0
"x_K04031,408,2021-05-30",0.0
"x_K04031,408,2021-05-31",0.0
"x_K04031,409,2021-02-10",0.0
"x_K04031,409,2021-02-18",0.0
"x_K04031,409,2021-03-10",0.0
"x_K04031,409,2021-04-10",0.0
"x_K04031,409,2021-05-10",0.0
"x_K04031,409,2021-05-13",0.0
"x_K04031,409,2021-05-24",0.0
"x_K04031,409,2021-05-30",0.0
"x_K04031,409,2021-05-31",0.0
"x_K04031,410,2021-02-10",0.0
"x_K04031,410,2021-02-18",0.0
"x_K04031,410,2021-03-10",0.0
"x_K04031,410,2021-04-10",0.0
"x_K04031,410,2021-05-10",0.0
"x_K04031,410,2021-05-13",0.0
"x_K04031,410,2021-05-24",0.0
"x_K04031,410,2021-05-30",0.0
"x_K04031,410,2021-05-31",0.0
"x_K04031,412,2021-02-10",0.0
"x_K04031,412,2021-02-18",0.0
"x_K04031,412,2021-03-10",0.0
"x_K04031,412,2021-04-10",0.0
"x_K04031,412,2021-05-10",0.0
"x_K04031,412,2021-05-13",0.0
"x_K04031,412,2021-05-24",0.0
"x_K04031,412,2021-05-30",0.0
"x_K04031,412,2021-05-31",0.0
"x_K04031,416,2021-02-10",0.0
"x_K04031,416,2021-02-18",0.0
"x_K04031,416,2021-03-10",0.0
"x_K04031,416,2021-04-10",0.0
"x_K04031,416,2021-05-10",0.0
"x_K04031,416,2021-05-13",0.0
"x_K04031,416,2021-05-24",0.0
"x_K04031,416,2021-05-30",0.0
"x_K04031,416,2021-05-31",0.0
"x_K04031,421,2021-02-10",0.0
"x_K04031,421,2021-02-18",0.0
"x_K04031,421,2021-03-10",0.0
"x_K04031,421,2021-04-10",0.0
"x_K04031,421,2021-05-10",0.0
"x_K04031,421,2021-05-13",0.0
"x_K04031,421,2021-05-24",0.0
"x_K04031,421,2021-05-30",0.0
"x_K04031,421,2021-05-31",0.0
"x_K04031,422,2021-02-10",0.0
"x_K04031,422,2021-02-18",0.0
"x_K04031,422,2021-03-10",0.0
"x_K04031,422,2021-04-10",0.0
"x_K04031,422,2021-05-10",0.0
"x_K04031,422,2021-05-13",0.0
"x_K04031,422,2021-05-24",0.0
"x_K04031,422,2021-05-30",0.0
"x_K04031,422,2021-05-31",0.0
"x_K04031,424,2021-02-10",0.0
"x_K04031,424,2021-02-18",0.0
"x_K04031,424,2021-03-10",0.0
"x_K04031,424,2021-04-10",0.0
"x_K04031,424,2021-05-10",0.0
"x_K04031,424,2021-05-13",0.0
"x_K04031,424,2021-05-24",0.0
"x_K04031,424,2021-05-30",0.0
"x_K04031,424,2021-05-31",0.0
"x_K04031,425,2021-02-10",0.0
"x_K04031,425,2021-02-18",0.0
"x_K04031,425,2021-03-10",0.0
"x_K04031,425,2021-04-10",0.0
"x_K04031,425,2021-05-10",0.0
"x_K04031,425,2021-05-13",0.0
"x_K04031,425,2021-05-24",0.0
"x_K04031,425,2021-05-30",0.0
"x_K04031,425,2021-05-31",0.0
"x_K04031,426,2021-02-10",0.0
"x_K04031,426,2021-02-18",0.0
"x_K04031,426,2021-03-10",0.0
"x_K04031,426,2021-04-10",0.0
"x_K04031,426,2021-05-10",0.0
"x_K04031,426,2021-05-13",0.0
"x_K04031,426,2021-05-24",82.0
"x_K04031,426,2021-05-30",0.0
"x_K04031,426,2021-05-31",0.0
"x_K04031,433,2021-02-10",0.0
"x_K04031,433,2021-02-18",0.0
"x_K04031,433,2021-03-10",0.0
"x_K04031,433,2021-04-10",0.0
"x_K04031,433,2021-05-10",0.0
"x_K04031,433,2021-05-13",0.0
"x_K04031,433,2021-05-24",178.0
"x_K04031,433,2021-05-30",0.0
"x_K04031,433,2021-05-31",0.0
"x_K04031,434,2021-02-10",0.0
"x_K04031,434,2021-02-18",0.0
"x_K04031,434,2021-03-10",0.0
"x_K04031,434,2021-04-10",0.0
"x_K04031,434,2021-05-10",0.0
"x_K04031,434,2021-05-13",0.0
"x_K04031,434,2021-05-24",0.0
"x_K04031,434,2021-05-30",0.0
"x_K04031,434,2021-05-31",0.0
"x_K04031,435,2021-02-10",0.0
"x_K04031,435,2021-02-18",0.0
"x_K04031,435,2021-03-10",0.0
"x_K04031,435,2021-04-10",0.0
"x_K04031,435,2021-05-10",0.0
"x_K04031,435,2021-05-13",0.0
"x_K04031,435,2021-05-24",0.0
"x_K04031,435,2021-05-30",0.0
"x_K04031,435,2021-05-31",0.0
"x_K04031,436,2021-02-10",0.0
"x_K04031,436,2021-02-18",0.0
"x_K04031,436,2021-03-10",0.0
"x_K04031,436,2021-04-10",0.0
"x_K04031,436,2021-05-10",0.0
"x_K04031,436,2021-05-13",0.0
"x_K04031,436,2021-05-24",0.0
"x_K04031,436,2021-05-30",0.0
"x_K04031,436,2021-05-31",0.0
"x_K04031,438,2021-02-10",0.0
"x_K04031,438,2021-02-18",0.0
"x_K04031,438,2021-03-10",0.0
"x_K04031,438,2021-04-10",0.0
"x_K04031,438,2021-05-10",0.0
"x_K04031,438,2021-05-13",0.0
"x_K04031,438,2021-05-24",0.0
"x_K04031,438,2021-05-30",0.0
"x_K04031,438,2021-05-31",0.0
"x_K04031,439,2021-02-10",0.0
"x_K04031,439,2021-02-18",0.0
"x_K04031,439,2021-03-10",0.0
"x_K04031,439,2021-04-10",0.0
"x_K04031,439,2021-05-10",0.0
"x_K04031,439,2021-05-13",0.0
"x_K04031,439,2021-05-24",0.0
"x_K04031,439,2021-05-30",0.0
"x_K04031,439,2021-05-31",0.0
"x_K04031,440,2021-02-10",0.0
"x_K04031,440,2021-02-18",0.0
"x_K04031,440,2021-03-10",0.0
"x_K04031,440,2021-04-10",0.0
"x_K04031,440,2021-05-10",0.0
"x_K04031,440,2021-05-13",0.0
"x_K04031,440,2021-05-24",0.0
"x_K04031,440,2021-05-30",0.0
"x_K04031,440,2021-05-31",0.0
"x_K04033,404,2021-02-10",0.0
"x_K04033,404,2021-02-18",0.0
"x_K04033,404,2021-03-10",0.0
"x_K04033,404,2021-04-10",0.0
"x_K04033,404,2021-05-10",0.0
"x_K04033,404,2021-05-13",46.0
"x_K04033,404,2021-05-24",0.0
"x_K04033,404,2021-05-30",0.0
"x_K04033,404,2021-05-31",0.0
"x_K04033,405,2021-02-10",0.0
"x_K04033,405,2021-02-18",0.0
"x_K04033,405,2021-03-10",0.0
"x_K04033,405,2021-04-10",0.0
"x_K04033,405,2021-05-10",0.0
"x_K04033,405,2021-05-13",57.0
"x_K04033,405,2021-05-24",0.0
"x_K04033,405,2021-05-30",0.0
"x_K04033,405,2021-05-31",0.0
"x_K04033,407,2021-02-10",0.0
"x_K04033,407,2021-02-18",0.0
"x_K04033,407,2021-03-10",0.0
"x_K04033,407,2021-04-10",0.0
"x_K04033,407,2021-05-10",0.0
"x_K04033,407,2021-05-13",0.0
"x_K04033,407,2021-05-24",0.0
"x_K04033,407,2021-05-30",0.0
"x_K04033,407,2021-05-31",0.0
"x_K04033,408,2021-02-10",0.0
"x_K04033,408,2021-02-18",0.0
"x_K04033,408,2021-03-10",0.0
"x_K04033,408,2021-04-10",0.0
"x_K04033,408,2021-05-10",0.0
"x_K04033,408,2021-05-13",0.0
"x_K04033,408,2021-05-24",0.0
"x_K04033,408,2021-05-30",0.0
"x_K04033,408,2021-05-31",0.0
"x_K04033,409,2021-02-10",0.0
"x_K04033,409,2021-02-18",0.0
"x_K04033,409,2021-03-10",0.0
"x_K04033,409,2021-04-10",0.0
"x_K04033,409,2021-05-10",0.0
"x_K04033,409,2021-05-13",0.0
"x_K04033,409,2021-05-24",0.0
"x_K04033,409,2021-05-30",0.0
"x_K04033,409,2021-05-31",0.0
"x_K04033,410,2021-02-10",0.0
"x_K04033,410,2021-02-18",0.0
"x_K04033,410,2021-03-10",0.0
"x_K04033,410,2021-04-10",0.0
"x_K04033,410,2021-05-10",0.0
"x_K04033,410,2021-05-13",0.0
"x_K04033,410,2021-05-24",0.0
"x_K04033,410,2021-05-30",0.0
"x_K04033,410,2021-05-31",0.0
"x_K04033,412,2021-02-10",0.0
"x_K04033,412,2021-02-18",0.0
"x_K04033,412,2021-03-10",0.0
"x_K04033,412,2021-04-10",0.0
"x_K04033,412,2021-05-10",0.0
"x_K04033,412,2021-05-13",0.0
"x_K04033,412,2021-05-24",0.0
"x_K04033,412,2021-05-30",0.0
"x_K04033,412,2021-05-31",0.0
"x_K04033,416,2021-02-10",0.0
"x_K04033,416,2021-02-18",0.0
"x_K04033,416,2021-03-10",0.0
"x_K04033,416,2021-04-10",0.0
"x_K04033,416,2021-05-10",0.0
"x_K04033,416,2021-05-13",0.0
"x_K04033,416,2021-05-24",0.0
"x_K04033,416,2021-05-30",0.0
"x_K04033,416,2021-05-31",0.0
"x_K04033,421,2021-02-10",0.0
"x_K04033,421,2021-02-18",0.0
"x_K04033,421,2021-03-10",0.0
"x_K04033,421,2021-04-10",0.0
"x_K04033,421,2021-05-10",0.0
"x_K04033,421,2021-05-13",0.0
"x_K04033,421,2021-05-24",0.0
"x_K04033,421,2021-05-30",0.0
"x_K04033,421,2021-05-31",0.0
"x_K04033,422,2021-02-10",0.0
"x_K04033,422,2021-02-18",0.0
"x_K04033,422,2021-03-10",0.0
"x_K04033,422,2021-04-10",0.0
"x_K04033,422,2021-05-10",0.0
"x_K04033,422,2021-05-13",0.0
"x_K04033,422,2021-05-24",0.0
"x_K04033,422,2021-05-30",0.0
"x_K04033,422,2021-05-31",0.0
"x_K04033,424,2021-02-10",0.0
"x_K04033,424,2021-02-18",0.0
"x_K04033,424,2021-03-10",0.0
"x_K04033,424,2021-04-10",0.0
"x_K04033,424,2021-05-10",0.0
"x_K04033,424,2021-05-13",0.0
"x_K04033,424,2021-05-24",0.0
"x_K04033,424,2021-05-30",0.0
"x_K04033,424,2021-05-31",0.0
"x_K04033,425,2021-02-10",0.0
"x_K04033,425,2021-02-18",0.0
"x_K04033,425,2021-03-10",0.0
"x_K04033,425,2021-04-10",0.0
"x_K04033,425,2021-05-10",0.0
"x_K04033,425,2021-05-13",0.0
"x_K04033,425,2021-05-24",0.0
"x_K04033,425,2021-05-30",0.0
"x_K04033,425,2021-05-31",0.0
"x_K04033,426,2021-02-10",0.0
"x_K04033,426,2021-02-18",0.0
"x_K04033,426,2021-03-10",0.0
"x_K04033,426,2021-04-10",0.0
"x_K04033,426,2021-05-10",0.0
"x_K04033,426,2021-05-13",0.0
"x_K04033,426,2021-05-24",0.0
"x_K04033,426,2021-05-30",0.0
"x_K04033,426,2021-05-31",0.0
"x_K04033,433,2021-02-10",0.0
"x_K04033,433,2021-02-18",0.0
"x_K04033,433,2021-03-10",0.0
"x_K04033,433,2021-04-10",0.0
"x_K04033,433,2021-05-10",0.0
"x_K04033,433,2021-05-13",0.0
"x_K04033,433,2021-05-24",0.0
"x_K04033,433,2021-05-30",0.0
"x_K04033,433,2021-05-31",0.0
"x_K04033,434,2021-02-10",0.0
"x_K04033,434,2021-02-18",0.0
"x_K04033,434,2021-03-10",0.0
"x_K04033,434,2021-04-10",0.0
"x_K04033,434,2021-05-10",0.0
"x_K04033,434,2021-05-13",0.0
"x_K04033,434,2021-05-24",0.0
"x_K04033,434,2021-05-30",0.0
"x_K04033,434,2021-05-31",0.0
"x_K04033,435,2021-02-10",0.0
"x_K04033,435,2021-02-18",0.0
"x_K04033,435,2021-03-10",0.0
"x_K04033,435,2021-04-10",0.0
"x_K04033,435,2021-05-10",0.0
"x_K04033,435,2021-05-13",0.0
"x_K04033,435,2021-05-24",0.0
"x_K04033,435,2021-05-30",0.0
"x_K04033,435,2021-05-31",0.0
"x_K04033,436,2021-02-10",0.0
"x_K04033,436,2021-02-18",0.0
"x_K04033,436,2021-03-10",0.0
"x_K04033,436,2021-04-10",0.0
"x_K04033,436,2021-05-10",0.0
"x_K04033,436,2021-05-13",0.0
"x_K04033,436,2021-05-24",0.0
"x_K04033,436,2021-05-30",0.0
"x_K04033,436,2021-05-31",0.0
"x_K04033,438,2021-02-10",0.0
"x_K04033,438,2021-02-18",0.0
"x_K04033,438,2021-03-10",0.0
"x_K04033,438,2021-04-10",0.0
"x_K04033,438,2021-05-10",0.0
"x_K04033,438,2021-05-13",104.0
"x_K04033,438,2021-05-24",0.0
"x_K04033,438,2021-05-30",0.0
"x_K04033,438,2021-05-31",0.0
"x_K04033,439,2021-02-10",0.0
"x_K04033,439,2021-02-18",0.0
"x_K04033,439,2021-03-10",0.0
"x_K04033,439,2021-04-10",0.0
"x_K04033,439,2021-05-10",0.0
"x_K04033,439,2021-05-13",48.0
"x_K04033,439,2021-05-24",0.0
"x_K04033,439,2021-05-30",0.0
"x_K04033,439,2021-05-31",0.0
"x_K04033,440,2021-02-10",0.0
"x_K04033,440,2021-02-18",0.0
"x_K04033,440,2021-03-10",0.0
"x_K04033,440,2021-04-10",0.0
"x_K04033,440,2021-05-10",0.0
"x_K04033,440,2021-05-13",63.0
"x_K04033,440,2021-05-24",0.0
"x_K04033,440,2021-05-30",0.0
"x_K04033,440,2021-05-31",0.0
"x_K04101,404,2021-02-10",0.0
"x_K04101,404,2021-02-18",0.0
"x_K04101,404,2021-03-10",0.0
"x_K04101,404,2021-04-10",0.0
"x_K04101,404,2021-05-10",0.0
"x_K04101,404,2021-05-13",0.0
"x_K04101,404,2021-05-24",0.0
"x_K04101,404,2021-05-30",0.0
"x_K04101,404,2021-05-31",0.0
"x_K04101,405,2021-02-10",0.0
"x_K04101,405,2021-02-18",0.0
"x_K04101,405,2021-03-10",0.0
"x_K04101,405,2021-04-10",0.0
"x_K04101,405,2021-05-10",0.0
"x_K04101,405,2021-05-13",0.0
"x_K04101,405,2021-05-24",0.0
"x_K04101,405,2021-05-30",0.0
"x_K04101,405,2021-05-31",0.0
"x_K04101,407,2021-02-10",0.0
"x_K04101,407,2021-02-18",0.0
"x_K04101,407,2021-03-10",0.0
"x_K04101,407,2021-04-10",0.0
"x_K04101,407,2021-05-10",0.0
"x_K04101,407,2021-05-13",0.0
"x_K04101,407,2021-05-24",0.0
"x_K04101,407,2021-05-30",0.0
"x_K04101,407,2021-05-31",0.0
"x_K04101,408,2021-02-10",0.0
"x_K04101,408,2021-02-18",0.0
"x_K04101,408,2021-03-10",0.0
"x_K04101,408,2021-04-10",0.0
"x_K04101,408,2021-05-10",0.0
"x_K04101,408,2021-05-13",0.0
"x_K04101,408,2021-05-24",0.0
"x_K04101,408,2021-05-30",0.0
"x_K04101,408,2021-05-31",0.0
"x_K04101,409,2021-02-10",0.0
"x_K04101,409,2021-02-18",0.0
"x_K04101,409,2021-03-10",0.0
"x_K04101,409,2021-04-10",0.0
"x_K04101,409,2021-05-10",0.0
"x_K04101,409,2021-05-13",0.0
"x_K04101,409,2021-05-24",0.0
"x_K04101,409,2021-05-30",0.0
"x_K04101,409,2021-05-31",0.0
"x_K04101,410,2021-02-10",0.0
"x_K04101,410,2021-02-18",0.0
"x_K04101,410,2021-03-10",0.0
"x_K04101,410,2021-04-10",0.0
"x_K04101,410,2021-05-10",0.0
"x_K04101,410,2021-05-13",0.0
"x_K04101,410,2021-05-24",0.0
"x_K04101,410,2021-05-30",0.0
"x_K04101,410,2021-05-31",0.0
"x_K04101,412,2021-02-10",0.0
"x_K04101,412,2021-02-18",0.0
"x_K04101,412,2021-03-10",0.0
"x_K04101,412,2021-04-10",0.0
"x_K04101,412,2021-05-10",0.0
"x_K04101,412,2021-05-13",0.0
"x_K04101,412,2021-05-24",0.0
"x_K04101,412,2021-05-30",0.0
"x_K04101,412,2021-05-31",0.0
"x_K04101,416,2021-02-10",0.0
"x_K04101,416,2021-02-18",0.0
"x_K04101,416,2021-03-10",0.0
"x_K04101,416,2021-04-10",0.0
"x_K04101,416,2021-05-10",0.0
"x_K04101,416,2021-05-13",0.0
"x_K04101,416,2021-05-24",0.0
"x_K04101,416,2021-05-30",0.0
"x_K04101,416,2021-05-31",0.0
"x_K04101,421,2021-02-10",0.0
"x_K04101,421,2021-02-18",0.0
"x_K04101,421,2021-03-10",0.0
"x_K04101,421,2021-04-10",0.0
"x_K04101,421,2021-05-10",0.0
"x_K04101,421,2021-05-13",0.0
"x_K04101,421,2021-05-24",0.0
"x_K04101,421,2021-05-30",0.0
"x_K04101,421,2021-05-31",0.0
"x_K04101,422,2021-02-10",0.0
"x_K04101,422,2021-02-18",0.0
"x_K04101,422,2021-03-10",0.0
"x_K04101,422,2021-04-10",0.0
"x_K04101,422,2021-05-10",0.0
"x_K04101,422,2021-05-13",0.0
"x_K04101,422,2021-05-24",0.0
"x_K04101,422,2021-05-30",0.0
"x_K04101,422,2021-05-31",0.0
"x_K04101,424,2021-02-10",0.0
"x_K04101,424,2021-02-18",0.0
"x_K04101,424,2021-03-10",0.0
"x_K04101,424,2021-04-10",0.0
"x_K04101,424,2021-05-10",0.0
"x_K04101,424,2021-05-13",0.0
"x_K04101,424,2021-05-24",0.0
"x_K04101,424,2021-05-30",0.0
"x_K04101,424,2021-05-31",0.0
"x_K04101,425,2021-02-10",0.0
"x_K04101,425,2021-02-18",0.0
"x_K04101,425,2021-03-10",0.0
"x_K04101,425,2021-04-10",0.0
"x_K04101,425,2021-05-10",0.0
"x_K04101,425,2021-05-13",0.0
"x_K04101,425,2021-05-24",0.0
"x_K04101,425,2021-05-30",0.0
"x_K04101,425,2021-05-31",0.0
"x_K04101,426,2021-02-10",0.0
"x_K04101,426,2021-02-18",0.0
"x_K04101,426,2021-03-10",0.0
"x_K04101,426,2021-04-10",0.0
"x_K04101,426,2021-05-10",0.0
"x_K04101,426,2021-05-13",0.0
"x_K04101,426,2021-05-24",0.0
"x_K04101,426,2021-05-30",15.0
"x_K04101,426,2021-05-31",0.0
"x_K04101,433,2021-02-10",0.0
"x_K04101,433,2021-02-18",0.0
"x_K04101,433,2021-03-10",0.0
"x_K04101,433,2021-04-10",0.0
"x_K04101,433,2021-05-10",0.0
"x_K04101,433,2021-05-13",0.0
"x_K04101,433,2021-05-24",0.0
"x_K04101,433,2021-05-30",0.0
"x_K04101,433,2021-05-31",0.0
"x_K04101,434,2021-02-10",0.0
"x_K04101,434,2021-02-18",0.0
"x_K04101,434,2021-03-10",0.0
"x_K04101,434,2021-04-10",0.0
"x_K04101,434,2021-05-10",0.0
"x_K04101,434,2021-05-13",0.0
"x_K04101,434,2021-05-24",0.0
"x_K04101,434,2021-05-30",0.0
"x_K04101,434,2021-05-31",0.0
"x_K04101,435,2021-02-10",0.0
"x_K04101,435,2021-02-18",0.0
"x_K04101,435,2021-03-10",0.0
"x_K04101,435,2021-04-10",0.0
"x_K04101,435,2021-05-10",0.0
"x_K04101,435,2021-05-13",0.0
"x_K04101,435,2021-05-24",0.0
"x_K04101,435,2021-05-30",0.0
"x_K04101,435,2021-05-31",0.0
"x_K04101,436,2021-02-10",0.0
"x_K04101,436,2021-02-18",0.0
"x_K04101,436,2021-03-10",0.0
"x_K04101,436,2021-04-10",0.0
"x_K04101,436,2021-05-10",0.0
"x_K04101,436,2021-05-13",0.0
"x_K04101,436,2021-05-24",0.0
"x_K04101,436,2021-05-30",0.0
"x_K04101,436,2021-05-31",0.0
"x_K04101,438,2021-02-10",0.0
"x_K04101,438,2021-02-18",0.0
"x_K04101,438,2021-03-10",0.0
"x_K04101,438,2021-04-10",0.0
"x_K04101,438,2021-05-10",0.0
"x_K04101,438,2021-05-13",0.0
"x_K04101,438,2021-05-24",0.0
"x_K04101,438,2021-05-30",0.0
"x_K04101,438,2021-05-31",0.0
"x_K04101,439,2021-02-10",0.0
"x_K04101,439,2021-02-18",0.0
"x_K04101,439,2021-03-10",0.0
"x_K04101,439,2021-04-10",0.0
"x_K04101,439,2021-05-10",0.0
"x_K04101,439,2021-05-13",0.0
"x_K04101,439,2021-05-24",0.0
"x_K04101,439,2021-05-30",0.0
"x_K04101,439,2021-05-31",0.0
"x_K04101,440,2021-02-10",0.0
"x_K04101,440,2021-02-18",0.0
"x_K04101,440,2021-03-10",0.0
"x_K04101,440,2021-04-10",0.0
"x_K04101,440,2021-05-10",0.0
"x_K04101,440,2021-05-13",0.0
"x_K04101,440,2021-05-24",0.0
"x_K04101,440,2021-05-30",0.0
"x_K04101,440,2021-05-31",0.0
"x_S00271,404,2021-02-10",0.0
"x_S00271,404,2021-02-18",0.0
"x_S00271,404,2021-03-10",0.0
"x_S00271,404,2021-04-10",0.0
"x_S00271,404,2021-05-10",0.0
"x_S00271,404,2021-05-13",0.0
"x_S00271,404,2021-05-24",0.0
"x_S00271,404,2021-05-30",0.0
"x_S00271,404,2021-05-31",0.0
"x_S00271,405,2021-02-10",0.0
"x_S00271,405,2021-02-18",0.0
"x_S00271,405,2021-03-10",0.0
"x_S00271,405,2021-04-10",0.0
"x_S00271,405,2021-05-10",0.0
"x_S00271,405,2021-05-13",0.0
"x_S00271,405,2021-05-24",0.0
"x_S00271,405,2021-05-30",0.0
"x_S00271,405,2021-05-31",0.0
"x_S00271,407,2021-02-10",0.0
"x_S00271,407,2021-02-18",0.0
"x_S00271,407,2021-03-10",0.0
"x_S00271,407,2021-04-10",0.0
"x_S00271,407,2021-05-10",0.0
"x_S00271,407,2021-05-13",0.0
"x_S00271,407,2021-05-24",0.0
"x_S00271,407,2021-05-30",0.0
"x_S00271,407,2021-05-31",0.0
"x_S00271,408,2021-02-10",0.0
"x_S00271,408,2021-02-18",0.0
"x_S00271,408,2021-03-10",0.0
"x_S00271,408,2021-04-10",0.0
"x_S00271,408,2021-05-10",0.0
"x_S00271,408,2021-05-13",0.0
"x_S00271,408,2021-05-24",0.0
"x_S00271,408,2021-05-30",0.0
"x_S00271,408,2021-05-31",0.0
"x_S00271,409,2021-02-10",0.0
"x_S00271,409,2021-02-18",0.0
"x_S00271,409,2021-03-10",0.0
"x_S00271,409,2021-04-10",0.0
"x_S00271,409,2021-05-10",0.0
"x_S00271,409,2021-05-13",0.0
"x_S00271,409,2021-05-24",0.0
"x_S00271,409,2021-05-30",0.0
"x_S00271,409,2021-05-31",0.0
"x_S00271,410,2021-02-10",0.0
"x_S00271,410,2021-02-18",0.0
"x_S00271,410,2021-03-10",0.0
"x_S00271,410,2021-04-10",0.0
"x_S00271,410,2021-05-10",0.0
"x_S00271,410,2021-05-13",0.0
"x_S00271,410,2021-05-24",0.0
"x_S00271,410,2021-05-30",0.0
"x_S00271,410,2021-05-31",0.0
"x_S00271,412,2021-02-10",0.0
"x_S00271,412,2021-02-18",0.0
"x_S00271,412,2021-03-10",0.0
"x_S00271,412,2021-04-10",0.0
"x_S00271,412,2021-05-10",0.0
"x_S00271,412,2021-05-13",0.0
"x_S00271,412,2021-05-24",0.0
"x_S00271,412,2021-05-30",0.0
"x_S00271,412,2021-05-31",0.0
"x_S00271,416,2021-02-10",0.0
"x_S00271,416,2021-02-18",0.0
"x_S00271,416,2021-03-10",0.0
"x_S00271,416,2021-04-10",0.0
"x_S00271,416,2021-05-10",0.0
"x_S00271,416,2021-05-13",0.0
"x_S00271,416,2021-05-24",0.0
"x_S00271,416,2021-05-30",0.0
"x_S00271,416,2021-05-31",0.0
"x_S00271,421,2021-02-10",0.0
"x_S00271,421,2021-02-18",0.0
"x_S00271,421,2021-03-10",0.0
"x_S00271,421,2021-04-10",0.0
"x_S00271,421,2021-05-10",0.0
"x_S00271,421,2021-05-13",0.0
"x_S00271,421,2021-05-24",0.0
"x_S00271,421,2021-05-30",0.0
"x_S00271,421,2021-05-31",0.0
"x_S00271,422,2021-02-10",0.0
"x_S00271,422,2021-02-18",0.0
"x_S00271,422,2021-03-10",0.0
"x_S00271,422,2021-04-10",0.0
"x_S00271,422,2021-05-10",0.0
"x_S00271,422,2021-05-13",0.0
"x_S00271,422,2021-05-24",0.0
"x_S00271,422,2021-05-30",0.0
"x_S00271,422,2021-05-31",0.0
"x_S00271,424,2021-02-10",0.0
"x_S00271,424,2021-02-18",0.0
"x_S00271,424,2021-03-10",0.0
"x_S00271,424,2021-04-10",0.0
"x_S00271,424,2021-05-10",0.0
"x_S00271,424,2021-05-13",0.0
"x_S00271,424,2021-05-24",0.0
"x_S00271,424,2021-05-30",0.0
"x_S00271,424,2021-05-31",0.0
"x_S00271,425,2021-02-10",0.0
"x_S00271,425,2021-02-18",0.0
"x_S00271,425,2021-03-10",0.0
"x_S00271,425,2021-04-10",0.0
"x_S00271,425,2021-05-10",0.0
"x_S00271,425,2021-05-13",0.0
"x_S00271,425,2021-05-24",0.0
"x_S00271,425,2021-05-30",0.0
"x_S00271,425,2021-05-31",150.0
"x_S00271,426,2021-02-10",0.0
"x_S00271,426,2021-02-18",0.0
"x_S00271,426,2021-03-10",0.0
"x_S00271,426,2021-04-10",0.0
"x_S00271,426,2021-05-10",0.0
"x_S00271,426,2021-05-13",0.0
"x_S00271,426,2021-05-24",0.0
"x_S00271,426,2021-05-30",0.0
"x_S00271,426,2021-05-31",0.0
"x_S00271,433,2021-02-10",0.0
"x_S00271,433,2021-02-18",0.0
"x_S00271,433,2021-03-10",0.0
"x_S00271,433,2021-04-10",0.0
"x_S00271,433,2021-05-10",0.0
"x_S00271,433,2021-05-13",0.0
"x_S00271,433,2021-05-24",0.0
"x_S00271,433,2021-05-30",0.0
"x_S00271,433,2021-05-31",0.0
"x_S00271,434,2021-02-10",0.0
"x_S00271,434,2021-02-18",0.0
"x_S00271,434,2021-03-10",0.0
"x_S00271,434,2021-04-10",0.0
"x_S00271,434,2021-05-10",0.0
"x_S00271,434,2021-05-13",0.0
"x_S00271,434,2021-05-24",0.0
"x_S00271,434,2021-05-30",0.0
"x_S00271,434,2021-05-31",0.0
"x_S00271,435,2021-02-10",0.0
"x_S00271,435,2021-02-18",0.0
"x_S00271,435,2021-03-10",0.0
"x_S00271,435,2021-04-10",0.0
"x_S00271,435,2021-05-10",0.0
"x_S00271,435,2021-05-13",0.0
"x_S00271,435,2021-05-24",0.0
"x_S00271,435,2021-05-30",0.0
"x_S00271,435,2021-05-31",0.0
"x_S00271,436,2021-02-10",0.0
"x_S00271,436,2021-02-18",0.0
"x_S00271,436,2021-03-10",0.0
"x_S00271,436,2021-04-10",0.0
"x_S00271,436,2021-05-10",0.0
"x_S00271,436,2021-05-13",0.0
"x_S00271,436,2021-05-24",0.0
"x_S00271,436,2021-05-30",0.0
"x_S00271,436,2021-05-31",0.0
"x_S00271,438,2021-02-10",0.0
"x_S00271,438,2021-02-18",0.0
"x_S00271,438,2021-03-10",0.0
"x_S00271,438,2021-04-10",0.0
"x_S00271,438,2021-05-10",0.0
"x_S00271,438,2021-05-13",0.0
"x_S00271,438,2021-05-24",0.0
"x_S00271,438,2021-05-30",0.0
"x_S00271,438,2021-05-31",0.0
"x_S00271,439,2021-02-10",0.0
"x_S00271,439,2021-02-18",0.0
"x_S00271,439,2021-03-10",0.0
"x_S00271,439,2021-04-10",0.0
"x_S00271,439,2021-05-10",0.0
"x_S00271,439,2021-05-13",0.0
"x_S00271,439,2021-05-24",0.0
"x_S00271,439,2021-05-30",0.0
"x_S00271,439,2021-05-31",0.0
"x_S00271,440,2021-02-10",0.0
"x_S00271,440,2021-02-18",0.0
"x_S00271,440,2021-03-10",0.0
"x_S00271,440,2021-04-10",0.0
"x_S00271,440,2021-05-10",0.0
"x_S00271,440,2021-05-13",0.0
"x_S00271,440,2021-05-24",0.0
"x_S00271,440,2021-05-30",0.0
"x_S00271,440,2021-05-31",0.0
"x_S00341,404,2021-02-10",0.0
"x_S00341,404,2021-02-18",0.0
"x_S00341,404,2021-03-10",0.0
"x_S00341,404,2021-04-10",0.0
"x_S00341,404,2021-05-10",0.0
"x_S00341,404,2021-05-13",0.0
"x_S00341,404,2021-05-24",0.0
"x_S00341,404,2021-05-30",0.0
"x_S00341,404,2021-05-31",0.0
"x_S00341,405,2021-02-10",0.0
"x_S00341,405,2021-02-18",0.0
"x_S00341,405,2021-03-10",0.0
"x_S00341,405,2021-04-10",0.0
"x_S00341,405,2021-05-10",0.0
"x_S00341,405,2021-05-13",0.0
"x_S00341,405,2021-05-24",0.0
"x_S00341,405,2021-05-30",0.0
"x_S00341,405,2021-05-31",0.0
"x_S00341,407,2021-02-10",0.0
"x_S00341,407,2021-02-18",0.0
"x_S00341,407,2021-03-10",0.0
"x_S00341,407,2021-04-10",0.0
"x_S00341,407,2021-05-10",0.0
"x_S00341,407,2021-05-13",0.0
"x_S00341,407,2021-05-24",0.0
"x_S00341,407,2021-05-30",0.0
"x_S00341,407,2021-05-31",0.0
"x_S00341,408,2021-02-10",0.0
"x_S00341,408,2021-02-18",0.0
"x_S00341,408,2021-03-10",0.0
"x_S00341,408,2021-04-10",0.0
"x_S00341,408,2021-05-10",0.0
"x_S00341,408,2021-05-13",0.0
"x_S00341,408,2021-05-24",0.0
"x_S00341,408,2021-05-30",0.0
"x_S00341,408,2021-05-31",0.0
"x_S00341,409,2021-02-10",0.0
"x_S00341,409,2021-02-18",0.0
"x_S00341,409,2021-03-10",0.0
"x_S00341,409,2021-04-10",0.0
"x_S00341,409,2021-05-10",0.0
"x_S00341,409,2021-05-13",0.0
"x_S00341,409,2021-05-24",0.0
"x_S00341,409,2021-05-30",0.0
"x_S00341,409,2021-05-31",0.0
"x_S00341,410,2021-02-10",130.0
"x_S00341,410,2021-02-18",0.0
"x_S00341,410,2021-03-10",130.0
"x_S00341,410,2021-04-10",130.0
"x_S00341,410,2021-05-10",130.0
"x_S00341,410,2021-05-13",0.0
"x_S00341,410,2021-05-24",0.0
"x_S00341,410,2021-05-30",0.0
"x_S00341,410,2021-05-31",0.0
"x_S00341,412,2021-02-10",0.0
"x_S00341,412,2021-02-18",0.0
"x_S00341,412,2021-03-10",0.0
"x_S00341,412,2021-04-10",0.0
"x_S00341,412,2021-05-10",0.0
"x_S00341,412,2021-05-13",0.0
"x_S00341,412,2021-05-24",0.0
"x_S00341,412,2021-05-30",0.0
"x_S00341,412,2021-05-31",0.0
"x_S00341,416,2021-02-10",0.0
"x_S00341,416,2021-02-18",0.0
"x_S00341,416,2021-03-10",0.0
"x_S00341,416,2021-04-10",0.0
"x_S00341,416,2021-05-10",0.0
"x_S00341,416,2021-05-13",0.0
"x_S00341,416,2021-05-24",0.0
"x_S00341,416,2021-05-30",0.0
"x_S00341,416,2021-05-31",0.0
"x_S00341,421,2021-02-10",0.0
"x_S00341,421,2021-02-18",0.0
"x_S00341,421,2021-03-10",0.0
"x_S00341,421,2021-04-10",0.0
"x_S00341,421,2021-05-10",0.0
"x_S00341,421,2021-05-13",0.0
"x_S00341,421,2021-05-24",0.0
"x_S00341,421,2021-05-30",0.0
"x_S00341,421,2021-05-31",0.0
"x_S00341,422,2021-02-10",0.0
"x_S00341,422,2021-02-18",0.0
"x_S00341,422,2021-03-10",0.0
"x_S00341,422,2021-04-10",0.0
"x_S00341,422,2021-05-10",0.0
"x_S00341,422,2021-05-13",0.0
"x_S00341,422,2021-05-24",0.0
"x_S00341,422,2021-05-30",0.0
"x_S00341,422,2021-05-31",0.0
"x_S00341,424,2021-02-10",0.0
"x_S00341,424,2021-02-18",0.0
"x_S00341,424,2021-03-10",0.0
"x_S00341,424,2021-04-10",0.0
"x_S00341,424,2021-05-10",0.0
"x_S00341,424,2021-05-13",0.0
"x_S00341,424,2021-05-24",0.0
"x_S00341,424,2021-05-30",0.0
"x_S00341,424,2021-05-31",0.0
"x_S00341,425,2021-02-10",0.0
"x_S00341,425,2021-02-18",0.0
"x_S00341,425,2021-03-10",0.0
"x_S00341,425,2021-04-10",0.0
"x_S00341,425,2021-05-10",0.0
"x_S00341,425,2021-05-13",0.0
"x_S00341,425,2021-05-24",0.0
"x_S00341,425,2021-05-30",0.0
"x_S00341,425,2021-05-31",0.0
"x_S00341,426,2021-02-10",0.0
"x_S00341,426,2021-02-18",0.0
"x_S00341,426,2021-03-10",0.0
"x_S00341,426,2021-04-10",0.0
"x_S00341,426,2021-05-10",0.0
"x_S00341,426,2021-05-13",0.0
"x_S00341,426,2021-05-24",0.0
"x_S00341,426,2021-05-30",0.0
"x_S00341,426,2021-05-31",0.0
"x_S00341,433,2021-02-10",0.0
"x_S00341,433,2021-02-18",0.0
"x_S00341,433,2021-03-10",0.0
"x_S00341,433,2021-04-10",0.0
"x_S00341,433,2021-05-10",0.0
"x_S00341,433,2021-05-13",0.0
"x_S00341,433,2021-05-24",0.0
"x_S00341,433,2021-05-30",0.0
"x_S00341,433,2021-05-31",0.0
"x_S00341,434,2021-02-10",0.0
"x_S00341,434,2021-02-18",0.0
"x_S00341,434,2021-03-10",0.0
"x_S00341,434,2021-04-10",0.0
"x_S00341,434,2021-05-10",0.0
"x_S00341,434,2021-05-13",0.0
"x_S00341,434,2021-05-24",0.0
"x_S00341,434,2021-05-30",0.0
"x_S00341,434,2021-05-31",0.0
"x_S00341,435,2021-02-10",0.0
"x_S00341,435,2021-02-18",0.0
"x_S00341,435,2021-03-10",0.0
"x_S00341,435,2021-04-10",0.0
"x_S00341,435,2021-05-10",0.0
"x_S00341,435,2021-05-13",0.0
"x_S00341,435,2021-05-24",0.0
"x_S00341,435,2021-05-30",0.0
"x_S00341,435,2021-05-31",0.0
"x_S00341,436,2021-02-10",0.0
"x_S00341,436,2021-02-18",0.0
"x_S00341,436,2021-03-10",0.0
"x_S00341,436,2021-04-10",0.0
"x_S00341,436,2021-05-10",0.0
"x_S00341,436,2021-05-13",0.0
"x_S00341,436,2021-05-24",0.0
"x_S00341,436,2021-05-30",0.0
"x_S00341,436,2021-05-31",0.0
"x_S00341,438,2021-02-10",0.0
"x_S00341,438,2021-02-18",0.0
"x_S00341,438,2021-03-10",0.0
"x_S00341,438,2021-04-10",0.0
"x_S00341,438,2021-05-10",0.0
"x_S00341,438,2021-05-13",0.0
"x_S00341,438,2021-05-24",0.0
"x_S00341,438,2021-05-30",0.0
"x_S00341,438,2021-05-31",0.0
"x_S00341,439,2021-02-10",0.0
"x_S00341,439,2021-02-18",0.0
"x_S00341,439,2021-03-10",0.0
"x_S00341,439,2021-04-10",0.0
"x_S00341,439,2021-05-10",0.0
"x_S00341,439,2021-05-13",0.0
"x_S00341,439,2021-05-24",0.0
"x_S00341,439,2021-05-30",0.0
"x_S00341,439,2021-05-31",0.0
"x_S00341,440,2021-02-10",0.0
"x_S00341,440,2021-02-18",0.0
"x_S00341,440,2021-03-10",0.0
"x_S00341,440,2021-04-10",0.0
"x_S00341,440,2021-05-10",0.0
"x_S00341,440,2021-05-13",0.0
"x_S00341,440,2021-05-24",0.0
"x_S00341,440,2021-05-30",0.0
"x_S00341,440,2021-05-31",0.0
